meg_0,meg_1,meg_2,meg_3,meg_4,meg_5,meg_6,meg_7,meg_8,meg_9,meg_10,meg_11,meg_12,meg_13,meg_14,meg_15,meg_16,meg_17,meg_18,meg_19,meg_20,meg_21,meg_22,meg_23,meg_24,meg_25,meg_26,meg_27,meg_28,meg_29,meg_30,meg_31,meg_32,meg_33,meg_34,meg_35,meg_36,meg_37,meg_38,meg_39,meg_40,meg_41,meg_42,meg_43,meg_44,meg_45,meg_46,meg_47,meg_48,meg_49,meg_50,meg_51,meg_52,meg_53,meg_54,meg_55,meg_56,meg_57,meg_58,meg_59,meg_60,meg_61,meg_62,meg_63,meg_64,meg_65,meg_66,meg_67,meg_68,meg_69,meg_70,meg_71,meg_72,meg_73,meg_74,meg_75,meg_76,meg_77,meg_78,meg_79,meg_80,meg_81,meg_82,meg_83,meg_84,meg_85,meg_86,meg_87,meg_88,meg_89,meg_90,meg_91,meg_92,meg_93,meg_94,meg_95,meg_96,meg_97,meg_98,meg_99,meg_100,meg_101,meg_102,meg_103,meg_104,meg_105,meg_106,meg_107,meg_108,meg_109,meg_110,meg_111,meg_112,meg_113,meg_114,meg_115,meg_116,meg_117,meg_118,meg_119,meg_120,meg_121,meg_122,meg_123,meg_124,meg_125,meg_126,meg_127,meg_128,meg_129,meg_130,meg_131,meg_132,meg_133,meg_134,meg_135,meg_136,meg_137,meg_138,meg_139,meg_140,meg_141,meg_142,meg_143,meg_144,meg_145,meg_146,meg_147,meg_148,meg_149,meg_150,meg_151,meg_152,meg_153,meg_154,meg_155,meg_156,meg_157,meg_158,meg_159,meg_160,meg_161,meg_162,meg_163,meg_164,meg_165,meg_166,meg_167,meg_168,meg_169,meg_170,meg_171,meg_172,meg_173,meg_174,meg_175,meg_176,meg_177,meg_178,meg_179,meg_180,meg_181,meg_182,meg_183,meg_184,meg_185,meg_186,meg_187,meg_188,meg_189,meg_190,meg_191,meg_192,meg_193,meg_194,meg_195,meg_196,meg_197,meg_198,meg_199,meg_200,meg_201,meg_202,meg_203,meg_204,meg_205,meg_206,meg_207,meg_208,meg_209,meg_210,meg_211,meg_212,meg_213,meg_214,meg_215,meg_216,meg_217,meg_218,meg_219,meg_220,meg_221,meg_222,meg_223,meg_224,meg_225,meg_226,meg_227,meg_228,meg_229,meg_230,meg_231,meg_232,meg_233,meg_234,meg_235,meg_236,meg_237,meg_238,meg_239,meg_240,meg_241,meg_242,meg_243,meg_244,meg_245,meg_246,meg_247,meg_248,meg_249,meg_250,meg_251,meg_252,meg_253,meg_254,meg_255,meg_256,meg_257,meg_258,meg_259,meg_260,meg_261,meg_262,meg_263,meg_264,meg_265,meg_266,meg_267,meg_268,meg_269,meg_270,meg_271,meg_272,meg_273,meg_274,meg_275,meg_276,meg_277,meg_278,meg_279,meg_280,meg_281,meg_282,meg_283,meg_284,meg_285,meg_286,meg_287,meg_288,meg_289,meg_290,meg_291,meg_292,meg_293,meg_294,meg_295,meg_296,meg_297,meg_298,meg_299,meg_300,meg_301,meg_302,meg_303,meg_304,meg_305,meg_306,meg_307,meg_308,meg_309,meg_310,meg_311,meg_312,meg_313,meg_314,meg_315,meg_316,meg_317,meg_318,meg_319,meg_320,meg_321,meg_322,meg_323,meg_324,meg_325,meg_326,meg_327,meg_328,meg_329,meg_330,meg_331,meg_332,meg_333,meg_334,meg_335,meg_336,meg_337,meg_338,meg_339,meg_340,meg_341,meg_342,meg_343,meg_344,meg_345,meg_346,meg_347,meg_348,meg_349,meg_350,meg_351,meg_352,meg_353,meg_354,meg_355,meg_356,meg_357,meg_358,meg_359,meg_360,meg_361,meg_362,meg_363,meg_364,meg_365,meg_366,meg_367,meg_368,meg_369,meg_370,meg_371,meg_372,meg_373,meg_374,meg_375,meg_376,meg_377,meg_378,meg_379,meg_380,meg_381,meg_382,meg_383,meg_384,meg_385,meg_386,meg_387,meg_388,meg_389,meg_390,meg_391,meg_392,meg_393,meg_394,meg_395,meg_396,meg_397,meg_398,meg_399,lte_1,lte_2,lte_3,lte_4,lte_5,lte_6,lte_7,lte_8,lte_9,lte_10,lte_11,lte_12,label
8.7919,9.5048,11.5051,10.0272,11.7452,13.502,13.4456,15.8118,16.0624,15.8622,16.7557,17.2673,16.8067,21.0537,20.3259,21.0906,19.968,22.0226,22.6595,23.869,23.719,26.6372,25.6166,28.6746,29.8412,28.4293,29.4501,31.379,31.379,30.5598,32.2797,36.7699,35.9754,35.9754,35.7656,35.6286,38.7554,39.9396,39.792,40.1577,40.8546,40.8746,42.9585,43.0053,43.7016,44.8768,44.3761,44.6791,46.347,47.8771,48.7538,51.1612,51.1528,51.5857,48.8343,54.0622,53.7132,54.9014,56.8399,55.8134,58.2511,57.6563,59.1452,57.0219,56.5975,58.9727,58.4618,58.5298,59.7845,61.609,60.6407,60.9889,62.2449,62.5443,62.1297,64.8721,65.3931,64.8423,65.9062,68.0525,68.2937,67.4445,68.9543,71.5168,69.8854,70.5899,71.7906,70.0393,71.76,73.3955,71.6992,73.6752,74.6979,74.5579,74.1112,74.2186,74.6954,77.1751,76.2128,78.8705,79.1794,78.0943,79.4778,81.1188,82.1552,82.0275,84.8509,85.2512,84.6414,86.9344,85.3269,88.9502,88.5181,88.8688,89.5347,89.5518,90.6061,90.5803,89.7488,89.5494,90.4577,91.663,91.2038,93.385,92.5084,92.0429,94.7618,95.515,94.8344,95.1453,96.2804,96.4806,96.4806,98.5441,95.9762,97.4043,98.7101,98.3949,97.2665,98.152,97.9068,98.8423,97.8342,97.3746,96.5031,96.2241,97.0434,96.2941,95.3955,95.89,96.4939,95.4759,97.9885,94.5656,93.789,95.1139,95.5862,94.2293,95.0074,94.7565,93.6352,93.9358,91.1464,90.6597,91.8834,89.6284,88.3146,88.7219,87.063,85.7727,85.4181,84.8206,83.0323,82.4114,82.0437,80.3373,80.6144,80.0245,78.2308,77.004,76.7081,75.3102,76.1702,74.5833,73.8845,73.2923,71.6546,68.6975,69.2864,67.7275,66.8144,63.8704,61.51,61.1621,59.9309,59.7463,57.1303,56.4274,55.9298,53.7284,50.5665,48.0664,48.8592,47.1776,45.6982,46.1904,41.9686,42.5943,40.9057,37.6249,37.702,36.8581,35.8412,33.3752,31.1793,30.838,30.2008,30.621,28.9715,25.2836,25.9075,24.9912,23.7636,23.6637,20.8123,19.4318,18.3227,18.2984,17.3327,17.2632,15.7237,15.6684,13.3472,15.042,11.9871,11.9871,11.6277,10.7794,10.4588,9.2783,8.033,8.5939,9.6017,8.4179,8.5741,10.6491,10.3487,11.9025,13.9273,14.8359,13.5658,16.3147,17.2956,18.5619,18.7623,19.073,20.5477,22.7208,23.6535,23.7803,26.7663,26.9852,26.0642,29.0559,30.7245,32.021,32.7155,31.654,33.6316,34.605,34.6662,36.1913,36.2579,35.9613,37.5185,39.6502,39.4412,40.217,39.1544,40.5228,41.8105,43.1933,43.7425,43.528,45.0883,45.7636,45.8982,44.902,45.1152,46.6611,47.0589,47.7735,45.8913,47.7666,48.6859,46.9493,48.8776,48.1995,49.7728,50.6353,47.7953,48.6103,48.9143,48.2205,50.1368,49.6596,52.3578,50.9263,50.5962,48.7586,49.7726,49.1986,49.6837,48.8897,48.4436,50.048,47.8189,48.5688,49.3756,48.247,48.6655,47.1665,46.9032,46.8654,45.5751,45.1025,46.7048,46.4653,44.6594,45.0978,46.1668,44.0745,44.6483,44.5123,43.9898,44.0831,44.8302,44.8302,41.1071,42.8169,41.1056,41.5392,40.6464,41.7317,42.7371,41.5343,39.3006,38.0307,38.837,37.7722,38.2118,37.7986,36.0914,36.7659,35.6198,35.2559,34.5995,34.3864,33.8519,32.9434,34.4509,33.41,32.1408,32.0922,32.3067,30.0382,31.9199,32.5822,30.6479,30.8987,29.3258,30.4879,28.1387,28.0083,29.0927,28.0511,27.9233,26.7058,25.6685,25.1431,24.9258,25.0668,24.4003,26.3114,24.5457,23.747,26.4101,23.2357,25.1139,24.4812,23.6489,21.4722,21.8216,20.8742,21.2434,22.4506,20.7524,22.016,20.5172,23.1061,-79.0,-79.0,-79.0,-79.0,-90.0,-90.0,-90.0,-90.0,,,,,0
55.4334,53.4479,55.1628,55.1628,54.2688,54.44,53.2395,56.4167,54.5449,55.879,56.9995,57.3489,57.4063,56.4662,55.4113,56.7285,56.2,56.3157,59.3186,57.2901,55.6988,57.3476,58.0743,59.0527,60.0166,58.7579,59.3105,58.0938,58.4977,59.2736,58.082,57.9865,58.3535,57.3447,58.4577,58.2698,58.6649,58.6238,56.9481,57.966,57.3249,58.1511,58.7791,56.0242,57.3415,56.1749,56.156,56.1518,57.5299,53.8733,55.3041,55.7765,53.8531,54.6805,53.0749,53.1645,52.2207,52.441,50.6526,49.8338,51.2862,48.6623,48.8243,48.862,49.6218,49.1016,47.9405,50.6662,47.6973,47.19,46.5722,46.9647,46.5584,46.094,45.4973,45.6292,44.2484,42.9377,43.9106,43.0096,42.6528,42.8575,42.816,42.2177,41.7957,42.6272,43.7997,42.6497,42.1486,42.7711,44.1346,44.7131,42.6455,46.3757,43.3042,45.3082,45.2925,46.4423,46.0504,45.1551,46.9086,46.9385,48.6801,48.2492,46.5994,48.8252,49.3228,49.3228,50.2289,49.3438,50.7939,50.0898,51.489,49.8821,51.0688,53.21,51.6884,54.614,54.7111,54.0658,55.1817,54.8761,53.5201,55.9677,55.8812,56.1442,56.7978,56.2423,59.0422,59.7363,57.5166,60.2416,59.3201,59.5545,61.6241,62.1696,62.7844,61.1637,61.2503,62.4743,63.4761,63.3727,64.1488,63.8803,63.3761,64.8409,62.9891,63.861,63.5958,65.4063,64.6477,63.8448,65.8433,66.4659,67.1308,68.9138,66.2299,67.4438,67.1439,68.0748,68.8902,68.9018,69.0269,67.2045,67.4913,69.3311,67.5638,67.9518,68.488,67.0614,67.2089,68.193,65.988,67.2614,66.5444,66.9267,67.8633,67.9972,66.7743,67.7257,67.3997,68.1028,69.0196,66.7845,66.8773,66.0772,66.5133,68.211,68.15,65.4718,66.1265,65.555,64.8301,64.8347,64.2191,64.4232,63.3613,62.9616,59.9021,62.2194,59.0551,59.7229,60.6564,58.5405,58.1649,57.797,56.1434,57.9213,57.5766,56.9631,56.4882,56.4882,55.2113,54.5805,56.115,54.6711,53.2262,53.5981,53.8095,52.0437,53.2996,51.2374,52.1025,49.9915,51.0709,51.935,50.4105,49.4031,48.132,47.9893,48.8717,48.8964,49.0602,49.0348,47.7239,48.2989,46.8118,46.8023,47.5716,46.6016,46.9072,46.5028,46.7051,46.8316,46.6621,45.9024,47.681,45.8359,45.7859,45.2574,46.316,45.5334,45.6012,45.7597,46.324,45.8312,44.4637,45.2677,44.8781,45.6162,45.0595,44.9027,45.7917,45.7059,45.1431,46.1209,44.2171,46.4276,45.4784,44.4467,46.7364,45.9519,45.631,45.5557,45.9771,45.9729,46.4784,44.7505,45.9771,45.5632,45.6794,45.7982,45.6782,45.6443,47.0301,46.7482,46.7427,46.7449,48.9387,48.3144,47.8379,47.7712,48.0111,48.3317,48.3081,47.2934,48.3983,47.5247,48.4179,48.2379,49.7352,50.0074,50.2574,48.7299,48.9552,50.1029,51.038,49.1833,48.4396,48.7053,50.5223,48.7482,49.8739,49.5368,50.0938,50.0938,50.8521,50.3587,50.5214,49.5215,51.0606,50.9364,49.4402,50.3912,49.808,49.139,50.838,48.6879,49.6636,48.7558,50.0219,48.5576,49.7174,47.9442,49.52,48.6218,48.4558,50.368,48.4889,49.8617,48.0668,48.3631,48.5755,48.0211,47.985,46.3346,46.5444,46.9451,46.0506,46.4291,45.7381,43.9977,43.9521,44.1987,44.2865,43.6776,43.2592,42.8468,43.4646,42.2891,41.5594,40.7508,41.0496,40.749,39.8891,40.6493,41.0636,40.4879,40.4657,40.0063,41.312,39.2456,37.532,39.4447,38.1925,36.6372,36.9848,35.2294,37.3948,37.1068,36.5898,37.1596,37.4141,37.9083,37.1475,35.4293,36.0774,35.0105,36.2984,35.3157,37.9417,34.0792,33.9748,34.6837,37.3415,34.1668,35.3015,34.1644,35.1907,36.2299,-85.0,-85.0,-85.0,-85.0,-120.0,-120.0,-120.0,-120.0,,,,,1
57.6846,56.9844,59.4397,58.4271,59.3062,58.1198,58.18,58.3525,58.6302,59.2639,60.6047,61.7949,59.4054,59.0294,59.5015,60.394,61.0189,61.3472,60.7709,60.7709,61.3939,61.8243,60.6494,60.4696,61.9438,60.7592,59.3789,60.9962,60.7682,61.7195,62.5819,62.4759,60.9992,60.7149,61.1122,60.7227,60.8428,58.8807,59.6016,59.3134,60.3746,59.6083,59.6083,61.9229,62.3484,60.7412,61.2867,61.2867,59.8657,59.7787,61.386,59.3692,58.7423,59.7285,59.2929,58.7005,58.1437,58.258,57.1705,56.6877,55.8433,57.7152,58.2946,57.7116,56.864,56.864,56.864,56.864,55.1206,55.1206,55.1206,55.1206,55.1206,55.66,55.66,55.66,55.6601,55.66,55.66,55.6601,55.6601,55.66,55.66,52.0342,52.0341,52.0341,51.134,51.134,51.134,51.134,51.134,51.134,51.134,48.8108,48.3932,48.3932,45.0393,45.0393,45.0393,43.9944,41.5803,41.5344,41.5344,40.1202,40.1418,38.6652,38.8085,38.4657,37.2585,39.3435,35.4376,35.138,35.1379,34.8902,34.5991,35.0425,33.8106,33.3803,32.8729,30.758,30.2514,29.9912,29.9912,28.5567,29.6674,28.8365,26.4072,25.6262,25.1924,26.465,26.0494,24.0456,24.4501,23.9107,24.3237,24.2205,24.715,25.6439,24.0337,23.9977,24.1823,25.5703,23.9284,24.6679,23.6037,23.9718,27.0946,26.9244,26.3583,26.507,25.8465,24.6399,26.1616,27.8396,25.8725,26.9184,28.7632,28.7561,26.3855,28.1585,26.3509,29.3576,28.2716,30.0563,29.5053,29.2399,31.2254,31.7461,32.2634,33.938,35.7606,34.0946,36.3211,36.3211,37.0917,38.0898,39.4789,40.2768,38.0989,38.8019,39.5632,38.8095,40.2671,38.4441,40.9699,41.7354,43.7498,43.0708,44.6989,45.4544,46.8027,45.9009,49.3986,48.2574,49.7944,50.793,54.0538,56.0649,57.3367,57.3367,60.7549,59.5565,59.6097,63.1985,63.9068,64.0181,65.3049,65.2618,64.6326,68.4374,69.775,70.5968,70.6514,71.2631,73.3214,73.2676,76.0024,75.1578,76.808,79.1567,78.8305,78.5742,79.1822,79.5511,80.5403,82.6239,82.4364,80.9346,83.1618,82.5242,85.1765,83.942,85.9181,87.1131,88.0537,87.7245,89.5541,88.9383,91.6614,91.992,92.8898,95.0507,95.6847,96.4176,96.829,99.6253,99.7854,101.0865,102.0406,102.9857,103.1197,103.2633,104.5804,105.1232,107.2629,105.9462,107.6889,107.8331,108.0734,107.1095,108.9392,107.5327,107.5822,108.4492,111.3186,110.7415,111.2625,112.2047,112.2101,112.2155,113.1962,114.2029,114.7709,114.9324,115.8995,116.5574,118.3836,118.1186,117.8011,116.8397,116.6476,119.2752,117.2258,116.8337,117.9338,118.5428,118.5572,117.3788,118.1911,119.2321,118.5386,118.0442,116.8816,117.4295,118.6065,118.991,117.1023,118.36,116.7398,117.7541,118.0529,117.1542,118.0529,116.4073,118.4147,117.5407,117.8011,118.9177,115.332,116.3376,114.7145,115.574,116.5708,116.9279,116.9506,115.8673,115.9864,115.9503,116.6474,115.9829,116.5971,116.673,115.4243,116.0098,115.3566,115.0903,117.8813,115.4243,115.698,115.7257,113.8454,115.3504,114.6394,115.5176,117.0605,114.3768,114.3461,116.5092,113.424,114.9659,114.9659,116.2424,114.9245,115.0222,115.3266,113.0975,114.0744,115.5504,114.5975,114.0069,114.3203,111.9878,112.0087,111.7168,113.6775,114.9441,112.7783,114.0447,115.8442,112.5079,114.3204,114.3684,114.6736,114.0266,113.3978,113.6974,115.2395,113.6783,114.6016,112.7783,114.6174,112.1766,114.0182,115.2615,114.3768,113.3755,114.2972,115.5176,115.2396,114.0182,115.2615,115.318,115.3683,113.3978,114.6174,114.9441,116.1821,113.9761,114.0068,112.8268,114.3461,114.8969,112.7544,114.0447,113.996,115.5176,115.8442,113.9761,113.7007,114.9169,-82.0,-82.0,-82.0,-82.0,-92.0,-92.0,-92.0,-92.0,,,,,11
40.7405,38.1967,37.8755,37.3223,37.6672,38.871,38.9309,38.2456,38.8928,39.5027,38.9241,40.7805,39.9464,38.3404,40.5126,39.0329,40.622,39.9464,40.971,39.9383,42.2187,39.9768,42.0102,42.8718,41.4429,42.3485,42.7627,43.6893,44.0905,44.3822,43.2917,44.8291,44.266,45.487,45.6561,46.2228,46.7829,48.0951,47.9456,47.2904,48.6282,49.3293,51.5604,49.6163,50.0854,50.9337,49.0571,50.8486,50.5649,51.3725,51.7615,48.1465,51.0547,52.3059,53.7668,51.9414,53.5359,53.5359,54.0021,52.8917,54.2736,54.4627,55.0531,54.6009,54.7385,55.8755,56.1262,54.8047,54.4957,55.3721,55.8604,57.0146,56.9599,57.0162,56.7743,56.7448,56.5678,59.7549,58.1065,59.1941,58.4798,59.7693,59.1596,59.0647,58.3174,58.2142,57.7692,58.0756,57.3044,57.9171,57.3419,57.3967,58.2143,58.5069,57.9603,58.7598,59.0083,58.4493,60.1861,60.5146,60.2625,61.5387,61.2848,60.4301,60.9941,61.2943,61.1946,59.3507,61.9803,62.2831,62.1556,60.9941,62.1556,65.359,62.0617,62.6407,62.1231,63.8047,62.9812,63.4938,64.916,62.8678,64.4877,63.405,66.1222,65.2796,66.0616,63.5637,65.2837,64.395,67.1521,65.2391,66.6312,66.3752,67.7415,66.2235,65.5593,64.208,63.1971,64.2,67.4083,69.499,67.6183,69.2318,68.5396,68.7324,67.5934,66.9035,69.9843,69.9193,69.5909,70.771,69.8678,69.9181,69.1224,70.6212,72.0689,70.4213,71.6326,72.8513,71.6813,71.5168,72.4809,70.8895,71.8675,71.0171,71.816,71.6813,72.3732,69.9886,70.3556,71.2548,71.8675,69.3193,71.7601,72.4275,71.4396,71.9151,72.7615,71.5168,71.8339,71.7679,70.9763,71.5762,72.0967,71.2362,72.8827,70.8334,72.2527,72.7757,74.4126,70.7912,72.8052,67.611,72.7052,72.4,71.3882,71.0393,73.6323,72.377,65.3712,69.6453,72.1258,72.3846,72.1492,71.9952,71.3882,70.8641,71.3684,72.6042,71.9846,71.4812,70.9865,71.4812,71.5121,71.3542,71.8992,71.6146,70.8678,72.637,72.637,71.6053,71.0259,71.7452,72.637,72.1291,72.0676,71.6589,72.0051,72.0828,71.6242,72.3624,71.7356,71.7579,73.2465,72.105,71.8622,71.1085,72.9985,72.9031,72.2994,71.3421,73.5374,72.2809,71.9685,72.377,71.4207,70.4602,70.7995,71.1925,71.8103,71.6858,72.0522,71.1465,71.9311,71.2804,71.1372,72.4315,72.2373,71.9791,70.7488,72.8599,71.5121,72.105,70.8606,71.3542,71.9791,71.1131,70.8678,69.6187,70.7325,70.7325,66.6342,67.4124,69.1316,72.3834,70.375,71.7872,70.7714,71.7618,71.3882,72.377,70.8678,72.6199,70.1784,69.4946,71.546,71.019,71.2989,71.0764,71.4283,69.3227,72.4845,71.7472,71.4461,70.4405,69.5941,69.5254,71.368,71.2735,69.6403,71.9672,69.7168,70.2601,69.5324,70.429,71.2223,72.2902,70.383,70.1518,70.9956,72.0666,71.7941,70.5574,70.8212,69.1425,67.9416,69.0164,67.9416,69.0458,67.1622,67.2278,69.2625,68.6351,69.5253,67.2065,67.9513,67.7595,67.4811,68.1711,65.3712,66.4199,67.854,67.9058,66.3759,66.9443,66.7066,65.5276,67.109,65.8569,65.7504,65.0643,66.7712,66.2217,64.6836,64.969,64.3445,65.5759,65.2215,63.9709,63.8961,64.969,65.0813,66.0002,63.0494,64.3846,63.114,63.1687,61.4851,62.9311,61.9144,61.7065,61.8752,63.1687,60.7115,61.0379,62.2882,61.4711,61.4439,61.2346,61.8532,60.6405,59.8351,58.762,60.4075,61.4793,58.9942,60.0005,58.8048,57.9521,58.3806,58.1604,60.0272,58.0616,57.7852,57.8452,57.3888,58.406,57.4719,56.7313,57.0557,57.7809,56.2103,56.2103,56.9721,55.5117,57.2103,54.9135,55.1255,55.3295,-98.0,-98.0,-98.0,-98.0,,,,,-105.0,-105.0,-105.0,-105.0,12
81.3266,82.923,80.3702,81.1228,81.3739,82.2342,80.3148,80.6984,82.7981,79.5674,80.1655,82.03,81.1536,79.1329,80.2583,79.7842,79.6655,78.6636,78.5408,78.9312,80.0643,81.3425,79.8284,78.2451,80.809,78.7284,80.0811,78.9144,79.7977,79.8516,79.9357,80.5618,80.9072,80.1322,78.9745,79.894,79.013,80.0149,81.1546,80.81,81.4382,81.0951,81.1774,80.9086,81.0516,81.1546,80.8756,81.9248,80.3335,82.2523,82.5114,81.6697,81.7901,83.1725,82.6623,82.811,82.3184,82.1266,80.2701,82.8861,80.7104,82.0784,82.3828,82.3184,81.1561,81.8967,81.5275,81.6695,81.3985,81.6694,82.4575,82.8551,81.4615,80.8725,81.7036,81.3936,81.5275,80.5066,80.8256,80.8423,80.8151,80.5768,80.9645,79.1638,79.3268,80.2063,80.1604,80.6797,79.6838,80.0446,80.7739,79.2143,79.897,79.5708,80.4073,79.9482,80.063,78.4259,78.6481,78.8277,78.0536,78.7039,79.5674,78.8035,80.2328,78.4052,78.4936,77.7279,77.4415,77.3513,79.1156,78.9825,80.2211,78.7789,79.0859,78.988,79.0834,78.9945,79.3598,78.9126,79.1843,79.1111,80.5439,79.0177,80.5439,80.5602,80.1525,80.1654,79.8521,79.4632,82.0342,82.2525,82.1116,79.4602,80.7519,81.0411,79.4614,80.5967,82.2474,82.6615,81.3266,81.1561,82.1914,82.425,83.3462,82.3704,83.0851,80.864,81.6657,82.7828,82.237,82.6798,83.0335,82.7251,81.595,83.8845,81.179,82.8282,81.9528,82.923,82.923,82.1491,82.4386,80.9329,82.7107,81.0965,81.9621,81.9621,81.4285,82.7855,83.1058,81.1422,83.3311,81.533,82.2688,82.5197,82.6904,84.5638,83.4854,84.067,83.1506,83.7883,84.2859,82.5789,84.6419,85.6053,84.5047,83.7333,84.8664,84.9851,85.1984,87.0947,85.5681,86.587,87.5247,84.0611,86.9296,87.8084,87.4368,87.7393,91.1158,89.8219,90.6983,90.5721,90.583,90.0155,92.0321,92.1072,92.7321,91.2479,92.2383,93.634,92.9245,91.1288,91.3022,91.8329,92.4962,91.9083,90.826,91.4204,90.4877,90.5437,88.989,88.6975,89.3443,86.9714,86.2088,85.6562,86.1567,85.706,85.8236,84.9838,82.9928,84.0164,83.0649,80.2572,80.4617,80.75,79.7533,79.0675,79.9961,78.1657,77.5325,79.0675,77.7204,75.0358,77.0692,75.1036,75.7334,75.538,73.5931,73.7732,75.1798,72.0252,74.1215,74.3008,73.1482,71.8319,72.8217,72.8633,71.664,70.9636,70.3644,70.9636,71.4098,70.5351,72.2188,71.4098,72.6574,72.3723,72.2726,70.9636,71.1471,71.8397,71.5702,70.6941,70.6382,71.956,71.2786,71.0259,70.8082,71.915,70.1872,70.6408,70.8574,71.0672,69.9434,69.7133,69.222,70.6065,71.0398,71.0672,71.0757,69.7186,70.1798,71.5316,71.6661,70.7032,71.8155,71.4791,70.9259,71.8678,71.7918,73.0895,71.995,71.2543,71.123,71.1824,71.4612,71.4612,73.3976,70.2857,71.0758,71.3298,72.45,73.354,70.9122,70.6933,70.87,71.7223,72.4499,70.6089,72.0136,70.2357,70.5186,71.8597,70.7621,70.7247,70.4045,72.2871,71.3198,70.1228,70.1473,70.7747,70.8446,72.1219,69.8573,70.7174,71.7641,69.2678,68.7756,69.8002,69.6942,69.8002,71.0433,71.3451,69.7179,71.2666,70.5929,70.8446,71.4836,69.5076,72.4525,70.5149,70.4539,71.3232,71.0692,71.1884,73.1918,70.7216,71.4689,71.0386,71.6468,70.7353,70.4195,70.353,69.2908,70.2037,70.0963,71.1863,70.4539,70.3854,71.0606,70.835,68.9405,71.2692,69.5348,69.3585,70.0963,71.5344,70.3806,69.8462,71.2733,69.2402,,,,,,,,,,,,,,,,,-92.0,-92.0,-92.0,-92.0,,,,,,,,,13
51.8609,51.9492,51.6465,51.7673,53.5101,52.7866,52.7642,52.3087,54.979,54.7239,53.9515,54.5067,55.7374,56.3692,58.0131,57.6184,57.6403,56.565,56.2329,57.0096,56.4417,59.1176,57.7227,58.8429,56.933,58.7147,59.1735,58.5696,58.1381,59.7208,58.9953,59.1629,59.725,60.1678,61.2425,60.3807,59.9608,58.9019,61.5595,60.9582,61.9979,61.3051,61.054,61.9102,62.2567,61.326,62.69,61.134,62.7677,64.4916,61.3352,65.3542,65.5171,63.9837,66.2874,66.5467,65.0853,66.1208,66.2136,65.8949,65.6845,68.9521,66.9837,68.3531,66.4614,67.0625,66.6389,69.2126,69.2499,67.94,70.5903,70.0951,69.0515,70.1554,69.7322,68.801,68.8369,72.0787,71.4504,71.8737,72.9516,71.6044,73.7821,71.5479,72.7615,73.2227,74.2034,73.5065,75.4007,73.9408,76.3655,77.0342,76.2049,76.208,73.978,75.1553,77.2522,77.237,77.3775,77.7953,77.9073,77.5119,78.4993,78.9931,77.4786,77.6184,81.0347,80.2879,81.1445,81.0008,81.2935,81.1445,80.2586,82.5127,82.667,81.2741,81.0341,82.1007,83.4962,83.7523,81.9837,84.1008,82.6215,83.2022,82.0361,84.0115,82.0361,84.3132,84.4527,83.8629,84.8348,83.5656,83.0255,82.1905,83.5107,84.0934,84.602,84.602,85.2769,86.6494,86.3899,85.4471,84.6812,85.3501,86.6494,86.8562,87.2839,87.376,88.3603,86.7246,89.2211,88.0812,88.4843,87.3081,87.7145,86.8608,88.0396,86.672,87.398,88.1852,87.0038,86.1837,87.5401,88.1117,87.9833,87.7921,86.768,87.5586,87.2692,88.0296,88.9543,88.3167,87.7528,88.2534,85.9646,86.1586,86.2431,87.5253,85.5712,85.4059,84.4736,84.5769,83.2742,81.4446,82.113,83.0413,81.7761,80.4846,80.1899,80.4956,79.3658,79.3254,79.4663,78.8241,77.2514,79.0105,77.1339,77.1339,75.8677,74.9903,73.4388,76.3167,74.1788,73.6174,74.8426,74.3746,74.5187,74.1365,72.6876,72.06,72.561,71.53,70.7663,70.5671,68.7754,71.765,69.6663,70.6684,69.171,71.3334,70.3675,68.4645,71.3136,69.5629,69.7738,70.6466,69.7928,69.8592,68.1348,68.7118,66.3971,66.7163,68.8394,68.592,65.2445,67.4192,64.993,64.2648,66.8156,66.3094,64.561,63.6372,65.5691,64.3203,63.1573,61.3032,63.4057,62.3138,62.6268,60.9636,60.6565,60.6389,60.0966,59.8419,59.8445,61.2764,59.8445,58.9877,58.7865,58.4783,57.6011,58.1969,56.513,56.5082,57.6403,57.1416,58.7611,56.6776,55.2217,56.9157,56.3403,55.5427,57.1736,57.4393,54.9349,56.1916,56.7552,55.6882,55.6681,56.2698,56.1307,55.1609,56.4742,55.8851,56.054,56.1212,57.6161,55.4577,56.6278,56.7206,57.7543,56.8677,58.4921,57.4858,58.4785,57.6592,57.7364,59.9515,57.6592,58.1838,57.7552,58.5184,58.0937,58.0937,58.333,58.333,59.4185,58.4325,58.5508,57.7811,59.2883,58.3891,58.4359,58.4548,58.5421,58.6387,58.6539,57.2144,57.3386,57.1651,57.5324,55.5197,55.6763,57.0342,55.5039,56.8923,55.1595,57.8307,57.2533,55.9388,55.455,55.5085,56.3824,54.9096,55.4087,55.8217,56.3342,55.8467,55.8431,55.455,54.4546,55.4428,55.0622,55.3973,55.9539,55.5021,56.9627,57.0177,56.0702,54.7963,57.5856,56.2899,55.9203,55.5746,55.6935,55.5746,55.765,56.2417,56.5147,57.3403,57.3981,57.6934,57.1929,55.8803,58.6254,56.9212,57.7058,57.533,58.4102,58.9871,58.6415,57.8873,59.3272,58.9513,59.3149,59.6876,58.8777,59.6806,61.1781,60.6318,59.8785,60.3609,59.0449,61.1391,59.6046,60.2823,61.2558,60.595,60.4902,58.6325,59.831,59.5695,60.9461,61.1697,59.1195,60.6222,60.977,62.5094,62.6931,63.6934,-82.0,-82.0,-82.0,-82.0,,,,,,,,,14
82.7113,79.7827,80.9386,80.116,82.7588,81.0671,81.3687,80.9902,81.6214,81.8224,81.233,81.4956,81.6228,81.0227,81.806,80.4521,81.705,82.1643,79.9738,80.2882,79.6545,80.6227,79.4142,79.3879,81.1354,81.9099,80.9642,81.0184,83.1753,83.3996,82.2696,82.3891,81.1515,81.0191,79.9819,80.0268,80.2949,80.8985,80.0795,80.5883,79.0608,78.7162,78.8757,80.4911,79.2432,79.1179,78.6352,78.0623,76.5371,76.8902,76.9682,77.2412,76.7813,77.9844,76.2077,77.0396,75.8733,76.8331,75.8068,77.352,77.928,77.3176,76.9034,76.6712,75.7494,75.7512,77.4808,77.4808,78.7982,77.7873,78.4695,77.6862,77.3825,77.8793,77.8269,78.0237,79.1384,78.6751,77.7988,80.8744,80.2302,80.4515,80.0347,79.4132,80.7288,81.6372,82.1877,80.8635,81.9165,82.7792,82.589,84.6861,85.057,85.5992,86.7979,87.8404,88.9843,90.8256,89.2158,90.1227,89.8535,89.5207,86.3671,85.9709,85.7218,84.9423,86.3225,85.9154,83.8105,84.9798,84.2232,82.9694,83.1141,84.0248,83.8911,84.2464,84.129,83.3183,82.7264,84.4048,84.4481,84.9762,83.563,84.922,83.4385,84.059,84.7197,85.5373,85.612,84.0813,85.2052,85.3628,87.235,85.4018,87.8816,88.6434,87.4814,88.3882,88.7089,87.996,89.2088,90.5711,92.4781,92.4516,93.9222,95.3131,96.3661,97.8047,97.4965,99.9203,99.4579,103.3166,103.2196,101.8253,104.2564,105.7635,107.3722,109.0343,109.8046,110.413,110.4414,112.1914,110.5624,109.8224,108.9948,108.7792,108.8232,108.2911,106.7065,107.4902,106.8326,108.2411,105.3232,106.0916,105.934,105.1526,106.6691,105.1008,103.9209,104.0959,106.1155,104.6248,105.6222,103.6007,103.0314,102.3817,101.0393,102.3994,100.5697,98.6438,96.8891,95.9239,92.1035,90.063,86.6439,85.3372,81.2663,77.3646,76.444,70.9665,69.5983,67.1795,66.7645,65.2589,64.2475,63.3179,66.0544,63.394,64.8041,67.1634,66.095,66.5949,68.1466,69.2526,69.6682,70.439,68.3206,68.6092,69.0493,69.0773,68.4801,69.7231,68.8241,68.892,66.4329,68.0716,68.3588,67.8822,66.6813,65.9818,67.5785,68.4372,65.4854,68.5133,67.6476,68.3112,67.5813,68.1868,68.4473,67.1683,67.8931,66.6395,65.1238,67.5711,67.0899,67.413,66.2374,66.5922,66.2243,67.2656,68.4116,69.5454,70.9484,70.897,72.9808,73.5203,76.5877,76.7736,76.9967,75.0426,75.277,74.5171,75.32,74.2894,71.8197,70.888,72.9004,71.975,72.3669,70.2591,69.7807,69.3608,70.2557,68.9298,69.981,66.8795,69.2976,69.1496,69.9152,70.1189,70.8232,72.0226,69.3803,70.7471,70.4298,70.3555,72.1562,71.3532,71.6892,71.2958,71.599,71.7183,72.3118,72.6683,72.4789,72.8476,72.0226,72.2968,72.2716,74.2688,71.5283,74.0391,71.2707,72.5619,71.9041,73.0598,71.7161,72.4303,71.9829,71.0988,71.2076,71.5283,71.5329,71.0034,73.3267,71.4501,72.6957,71.3016,71.0743,72.6006,72.2188,70.6993,71.709,72.1361,68.163,69.7121,70.644,68.416,69.0834,69.2282,70.1364,69.9027,70.8804,70.93,72.6065,73.2591,71.1471,71.9472,71.6342,73.2518,71.9759,73.5608,71.4189,73.3187,72.0982,71.6367,72.6243,74.1253,73.5968,74.1645,73.7681,74.0367,75.9537,73.0731,73.4789,74.5642,75.3288,75.5302,73.5601,73.0054,74.3877,74.3331,73.2401,74.8297,74.0591,73.9123,73.6983,75.4613,74.7618,74.7562,75.6574,73.5829,73.7355,73.2652,73.2783,71.6738,73.0931,72.189,73.0416,71.528,72.4468,70.9204,71.8747,72.6127,71.9761,73.2548,74.4077,74.142,73.6649,74.963,75.6452,75.1428,75.8348,77.0155,77.2822,76.8331,77.1963,77.1451,78.0104,78.5018,-88.0,-88.0,-88.0,-88.0,,,,,,,,,15
37.1566,36.0922,36.089,36.2909,35.5258,36.7119,36.6463,35.8081,35.9519,35.9073,37.2497,36.9117,36.5491,37.7857,37.7972,38.269,37.8858,37.8858,37.6731,37.0996,37.6731,37.6658,36.5472,36.5397,35.9689,35.9443,35.43,34.9696,34.8865,32.2537,33.8557,33.3308,33.3818,32.8406,32.8486,32.9186,32.5727,32.8578,32.8255,33.2486,33.6034,33.5944,33.2114,32.8444,32.9709,33.2888,32.9917,32.7541,32.4682,33.0442,32.7761,32.8668,33.1038,33.292,33.0226,32.738,34.3699,34.3199,35.0333,34.5326,35.2709,35.2538,34.621,35.3951,33.7669,34.745,33.8101,33.848,34.1514,33.5386,34.1107,33.1222,33.064,33.1375,32.9829,32.2004,31.7602,31.6795,31.4277,32.0558,31.9728,31.2498,31.9704,31.9446,31.2159,31.9732,32.0636,32.0636,32.0354,31.3442,31.5231,32.3725,32.3574,31.0199,31.1661,30.5617,31.4729,30.9521,30.9352,30.5935,31.7047,31.1217,31.1182,31.6718,30.8422,30.9082,30.4159,30.4454,30.6138,30.6182,30.8768,29.6605,29.6605,29.6605,29.6549,28.817,28.5205,28.5277,27.58,27.7452,27.3335,26.4645,26.8206,26.5686,27.3466,25.941,25.7869,25.0399,24.9764,24.3332,24.6328,23.6819,24.3332,24.3332,23.3771,23.3593,24.2679,23.0732,23.0097,22.3591,23.0228,22.1225,22.3299,22.4135,22.4222,22.2116,22.0218,22.0057,20.6996,21.4544,22.1173,20.5173,20.494,21.0916,20.1978,20.2047,19.8621,19.88,17.9195,19.9755,19.1524,17.2222,18.3829,19.1225,18.1546,18.6233,17.7206,17.5622,17.5622,16.3285,17.1998,16.3495,16.3495,15.9677,15.1662,15.1662,15.1662,15.1662,15.0501,14.7556,14.2864,13.8703,13.8703,13.8703,14.7433,16.1203,15.2382,15.2382,14.6247,15.8484,16.1325,15.1573,15.5241,17.4249,16.8659,16.8659,17.4566,17.4566,27.6192,28.789,30.868,30.5054,30.5995,31.4195,30.9732,32.2437,34.6361,33.3057,33.0151,34.1254,33.4887,32.6879,32.0091,30.519,29.1469,30.6385,30.6525,27.3067,27.07,27.328,25.5493,26.3307,26.0225,24.9826,25.3944,24.519,24.6285,24.4135,24.3722,23.8589,21.5234,22.5267,23.2805,23.4117,23.4307,23.1433,22.768,22.5189,21.4554,23.4117,22.3732,21.2295,22.4214,23.3764,22.8258,23.6934,22.9838,23.2007,23.2681,23.7842,23.7198,23.5275,25.5961,25.5981,25.5259,25.856,26.9517,27.8814,28.7978,29.0288,30.1718,30.1573,29.9968,30.024,30.5228,31.8767,31.7491,31.9434,33.514,33.3262,34.3031,34.629,34.5931,34.7474,35.084,34.1053,34.0698,36.071,35.8289,37.2863,35.8211,36.0269,35.9866,36.9319,35.9526,37.1644,37.1413,35.9447,36.9133,37.2607,37.2199,37.0031,37.9279,38.3729,37.2322,37.5123,37.5271,37.3086,37.8495,36.8577,37.9389,36.6701,36.9728,38.1311,37.0056,37.0076,37.0454,36.3031,36.4413,36.2478,37.6937,36.8647,35.6266,36.2801,36.7532,36.6643,36.0699,37.9707,36.5705,37.2539,36.5108,35.7179,36.0995,37.515,35.2289,34.2908,35.1005,34.0196,33.8275,34.131,34.9091,33.2178,33.0376,34.3446,32.9377,32.4503,31.3375,31.5594,31.5628,31.1823,31.4728,30.3832,30.2807,29.8686,29.862,31.1142,29.8934,30.2205,29.0771,29.1459,30.0117,30.4248,28.4454,29.4213,29.0495,30.1224,30.0685,30.4652,30.6669,29.3584,29.0009,29.4369,29.6733,30.0653,29.4473,29.919,29.9836,29.9327,29.7874,30.3885,30.9972,30.2298,30.7638,31.4491,30.6105,31.3083,31.0917,32.1812,31.0907,31.8764,33.0519,33.0733,32.1496,31.9171,32.1199,31.5597,32.5712,32.705,32.8682,34.0253,34.1604,33.2452,34.2325,34.4549,35.255,34.7404,34.8946,35.8017,34.9988,36.5311,-82.0,-82.0,-82.0,-82.0,2147483647.0,2147483647.0,2147483647.0,2147483647.0,,,,,16
51.2407,51.0952,51.6283,52.3274,51.5184,52.1474,50.5266,52.9017,52.7814,51.8213,52.1791,54.0681,54.5875,51.7564,53.5552,51.7,53.0242,55.046,53.7704,52.6887,53.9878,51.5561,52.7822,52.7822,53.6476,53.8693,54.2052,52.8703,52.765,53.1744,54.7111,53.1882,54.9064,55.4584,53.8489,55.9642,55.1171,54.9504,55.6865,55.9749,55.8973,56.5316,57.1071,57.3104,55.9886,58.1103,58.0441,57.987,57.0546,56.7028,58.721,57.4142,59.666,58.6987,57.3167,58.925,57.7509,58.335,60.0794,58.353,58.2892,58.9864,58.0921,58.3842,58.2414,59.5197,58.8455,59.1294,59.3114,59.5538,59.6521,60.0227,59.2582,60.8863,60.1228,59.3765,59.0425,60.5535,60.9821,61.9198,60.7398,60.1135,59.3392,61.5267,60.6656,60.237,61.6535,63.6956,60.6533,61.7399,62.0775,61.6849,63.8052,63.4703,61.8477,63.0209,65.517,63.3055,63.1693,62.1886,65.4402,63.9448,64.575,63.5608,62.9966,65.5938,65.2782,64.1304,64.6646,65.1761,65.1335,64.6493,65.7122,64.8353,63.93,64.835,63.6196,64.5185,63.9332,64.3727,62.5471,61.9533,63.7667,63.1519,64.8276,62.0344,63.8078,62.0914,63.4171,61.9938,62.4025,63.0563,63.3028,59.8964,63.0189,61.8453,62.2239,62.9674,62.0315,62.5368,62.2507,60.4727,62.7808,60.5796,61.155,61.4894,60.6382,61.8993,61.8514,61.9771,60.9272,61.0817,62.5732,61.8275,61.0327,62.4529,60.9926,64.0208,61.2758,60.5444,61.4286,62.7253,61.7647,63.0049,62.0104,59.6863,60.677,60.677,60.5404,59.9229,58.5369,59.7494,58.3462,60.1419,58.391,58.5349,58.2183,57.1713,56.2937,58.1989,56.8685,56.7,56.8221,56.4483,55.6984,56.7017,56.2866,56.0849,54.4773,55.4276,56.2414,55.3547,55.1798,54.8734,53.4287,56.5416,54.7618,56.8495,54.6362,54.7653,54.8663,57.7543,55.3525,56.2003,55.3956,56.5077,56.0216,55.8608,56.8828,57.196,56.4229,56.7319,55.3874,55.9326,55.9046,56.3411,55.2769,57.0589,56.7542,55.4742,57.3302,55.7878,56.2264,55.5763,56.8715,55.955,55.7464,55.9551,55.8726,56.0835,54.8372,54.8634,54.9062,56.9641,56.0179,55.5802,54.3792,55.6906,54.1422,55.2897,55.3618,55.222,54.7615,53.3215,52.9566,52.5183,52.1783,53.0876,53.2847,51.393,49.8543,50.5452,50.8598,49.6263,50.2147,50.2571,49.3032,51.3078,50.2235,50.0268,48.4961,51.336,50.4935,51.8413,49.7563,50.4594,51.3694,50.3837,50.8522,51.377,50.5911,50.6705,52.9965,53.3502,51.9885,52.0601,51.8593,52.8292,53.0397,54.2598,52.0912,52.8133,55.0768,52.0133,51.2667,54.4492,53.4369,52.0808,52.4913,51.834,51.9604,52.1822,50.3821,51.2863,52.0294,51.4417,50.1237,51.3645,51.3721,50.874,50.7354,50.7822,48.9456,50.1759,49.2109,49.9865,50.5525,50.9879,48.7384,48.6998,48.6998,49.3204,48.5183,48.028,49.7161,49.4644,48.7076,48.7322,48.4318,49.636,48.1368,49.0228,49.4244,49.655,48.7393,47.4392,47.8569,48.6617,46.9775,49.3034,45.8767,47.7778,46.9197,46.4217,45.4127,46.7639,45.9589,45.9753,49.2292,46.8731,45.4887,47.3398,47.6641,46.1246,48.126,47.097,47.1681,47.5993,46.6818,46.4377,47.3371,46.3448,46.5647,45.8744,48.4663,48.0383,47.823,46.6522,46.6145,45.2572,46.2476,46.8893,46.9616,46.4977,45.9523,47.1843,45.7712,46.201,44.2622,45.0427,46.0817,45.2381,46.0469,46.5119,46.1384,47.1732,46.2416,47.0396,48.5152,46.5911,48.3139,49.1056,48.5843,48.7723,48.3531,50.7543,48.6332,49.3908,49.2533,51.239,50.5476,51.3456,51.4017,52.44,54.1263,53.4586,53.7207,54.9219,53.8082,55.6561,-82.0,-82.0,-82.0,-82.0,2147483647.0,2147483647.0,2147483647.0,2147483647.0,,,,,17
48.8337,48.5663,47.5827,47.5766,46.8302,46.5346,46.5236,46.5174,45.5355,45.5495,45.27,44.5766,45.5381,43.2781,43.2728,43.5781,42.3249,42.2968,42.2857,41.3753,41.3735,41.3185,40.3604,40.0265,40.0256,39.0328,38.8131,38.8257,38.8053,37.8234,37.8234,36.8143,36.1625,37.1175,37.1175,36.1625,35.1864,35.1864,35.1864,34.8654,33.5808,33.5808,33.5808,33.3083,33.3083,33.3336,33.073,32.0878,32.0878,32.0878,31.8693,31.8693,30.8648,30.6716,30.6716,30.6716,29.6492,29.6492,29.6492,28.6574,27.4908,27.4691,27.4691,27.4691,26.3231,26.3231,26.1308,27.2229,27.1595,26.1308,26.1975,26.1308,26.1308,26.1308,26.1395,26.1395,26.1395,26.1395,26.1395,26.1395,25.1114,26.1308,26.1308,25.1211,25.0928,25.1211,25.0893,25.0928,25.0928,25.0928,25.0953,25.0893,24.0769,25.1469,25.1469,25.0893,25.1469,24.1362,24.1362,24.1362,24.2392,29.3087,29.2624,30.3623,28.7758,27.7853,29.2256,28.1619,27.9677,28.6263,28.1816,27.9617,26.314,28.1166,26.5183,25.439,27.7632,27.863,25.9695,23.7648,23.2104,23.1532,24.716,22.7505,22.7393,23.0852,22.9391,23.3182,23.6611,24.608,22.9871,21.5444,22.4426,20.1342,20.6353,19.5712,21.3427,20.6828,19.0968,18.862,17.8364,16.0809,16.6223,16.729,17.4119,16.4331,16.3409,15.6572,15.5331,15.4475,16.4384,15.282,13.9711,13.367,12.8898,12.9935,11.7784,11.8201,11.6528,10.5643,9.663,9.2701,9.6941,9.031,8.3608,9.0751,8.5224,8.5092,8.5092,8.161,8.5274,8.4465,8.747,9.3064,9.3064,10.0519,10.2961,10.2961,10.2961,10.9179,11.2299,12.9923,12.9923,13.4162,14.578,14.578,15.8162,17.0659,17.0659,16.8996,17.2824,17.7823,19.0744,19.0744,19.6919,19.6919,20.7938,21.7082,29.7182,29.6755,31.5428,32.271,32.6069,32.412,31.5432,32.3704,34.0302,33.8187,35.308,36.0889,35.582,36.986,37.3591,37.6839,38.4757,37.7989,37.4204,37.2837,35.9156,37.0594,36.3787,35.0548,35.6488,36.2015,35.4468,35.726,36.6182,36.2653,36.1922,37.4401,36.8092,37.9313,37.0226,37.9565,37.6973,37.4316,37.4882,37.5261,38.6462,38.8232,40.369,40.3796,40.5532,40.7468,42.4944,42.5875,43.4529,43.17,44.533,44.6743,45.1267,46.2022,46.4404,46.5582,46.808,47.0998,47.4518,47.4518,48.4663,47.9085,48.6526,49.4255,49.4255,49.7804,50.4791,50.8426,51.0626,52.0733,51.8724,52.7869,53.7284,53.8794,54.0268,54.2146,54.4033,55.6757,54.1454,51.8182,52.2746,54.2045,53.8077,53.4655,52.8138,54.2683,55.5965,55.5041,59.7139,57.8001,59.3539,60.3391,61.5536,62.776,62.4041,63.2141,63.194,62.9211,63.8662,63.7914,65.203,65.3674,65.833,67.1714,67.2714,67.1201,69.2634,69.4691,68.1554,67.9313,68.4182,68.6422,68.9662,69.8891,69.1922,69.0705,69.964,69.7949,72.9829,72.936,72.9475,72.4651,72.2962,73.2794,73.1983,73.5322,73.4768,73.2231,72.1751,71.7128,72.1844,71.7856,71.0627,72.092,72.0667,70.7599,71.2212,71.6177,71.0262,70.5692,71.5214,69.637,70.3643,69.9364,68.1162,67.5446,67.2806,66.7076,68.3265,67.3278,67.2756,68.5121,67.8288,68.3363,67.8637,67.3051,67.2726,65.8396,67.7704,67.7314,67.7879,66.7851,64.3386,65.9163,64.8307,64.3739,63.9166,64.303,65.2674,64.5276,64.9712,65.131,64.9957,64.4863,63.4991,64.2448,62.3627,62.1293,61.6412,61.5819,61.8492,61.7516,60.9137,61.6767,61.2456,61.1121,61.0737,61.9019,60.6749,61.0136,59.5477,59.82,59.6933,60.1092,59.7574,59.3569,59.3487,59.3501,59.1814,59.94,59.1139,58.3785,,,,,,,,,,,,,18
39.3504,38.0104,36.5901,36.8349,36.241,37.1397,37.2681,37.1462,36.0427,36.5467,36.9529,37.0812,36.8796,37.0278,36.231,37.2637,38.4647,38.2639,38.2639,36.3135,36.3294,36.3294,36.2279,37.0007,37.529,36.6172,37.6725,36.8491,37.1757,36.4664,36.7223,36.0378,34.6849,34.3642,35.284,35.4619,35.3281,34.8217,34.5052,34.877,35.4699,33.3522,34.3466,34.7724,34.2431,34.3467,35.906,35.4906,33.9666,35.5841,35.1925,34.0773,34.2225,35.0171,34.3028,35.1087,35.5982,33.6828,34.6512,33.8543,34.4701,35.1945,34.0068,33.8185,35.5543,33.8185,33.8543,34.0824,33.9492,34.8709,36.2316,35.5001,34.8095,34.3039,34.1599,34.4503,34.7435,35.0284,35.009,33.8218,34.5533,33.893,35.2355,34.6837,35.1747,34.5521,32.6665,34.0999,32.7304,34.3813,32.1203,32.6573,32.4034,31.8031,32.3762,31.7511,32.2262,30.8657,32.4145,31.3919,30.8404,29.8585,30.2813,30.2601,31.5282,30.2915,30.5356,30.1206,30.3464,30.9041,31.7968,32.5023,29.6829,31.3389,31.113,31.7845,30.4984,30.4984,30.7501,31.3487,31.8826,29.3344,30.5621,29.7664,30.3825,29.5676,29.5182,28.9734,30.0442,30.8954,28.7478,29.4209,28.66,28.8766,29.3089,27.2994,26.4748,28.292,28.0067,27.8454,28.803,27.2304,25.1023,25.0496,25.3379,24.4229,24.4204,24.323,22.8724,24.4676,22.8361,22.0105,23.38,23.8536,22.8139,21.4528,23.0268,21.763,21.2836,20.7507,21.8216,23.0596,23.0236,21.8277,22.9569,21.0122,21.5728,23.845,22.109,20.8301,21.8908,22.4602,21.2799,21.3591,21.7229,22.9899,23.5856,22.4557,23.6196,22.2682,24.2284,26.9697,25.2332,27.6913,28.7634,28.3345,29.4471,29.6473,31.7603,31.584,32.5765,33.6004,35.9797,36.7499,35.5054,35.3844,38.1866,39.2958,39.1967,39.9769,42.9004,43.449,42.8415,43.2193,44.0097,44.4609,45.9521,47.5272,44.6312,48.3801,49.9202,48.4064,51.1478,49.8619,51.5678,51.5678,52.3706,52.338,53.6519,53.1521,54.4988,55.7732,56.3567,57.1997,57.9075,58.6581,59.1232,60.5737,61.9182,62.6276,62.4595,61.734,62.0621,64.2665,63.5762,64.4229,63.3482,64.7888,65.6524,66.3353,65.8926,66.3108,67.6553,66.4192,67.3373,68.6687,68.3274,69.1887,69.4617,70.2545,71.234,70.1931,71.3398,73.6127,72.479,73.2068,72.5931,73.283,70.2332,72.6191,73.0907,71.6822,72.1879,73.6514,73.5061,73.1368,72.1261,73.8328,71.4158,72.7205,71.8672,73.9881,74.1945,72.9636,74.4606,72.4932,72.0784,72.7961,74.0608,73.0034,74.4609,71.6164,71.798,71.5177,70.1442,69.2057,68.3938,69.2144,68.1004,67.4806,66.9061,68.3184,66.4497,64.2737,65.5319,65.315,65.9902,65.6361,65.1149,63.8678,65.3095,63.4239,61.9603,62.1436,62.6612,61.5474,62.6794,61.0239,61.1989,59.8462,60.82,60.2525,59.2445,57.7487,57.7487,58.7059,58.3099,59.3015,58.4113,57.1994,58.0095,58.5841,58.2313,56.8308,57.1994,57.1836,59.1855,56.0486,57.1411,56.2756,54.81,56.4733,55.8816,54.3935,57.067,56.3169,55.172,54.6216,55.7172,55.1507,55.7774,55.1322,55.7073,56.2384,55.7073,55.5788,56.4017,57.1628,55.022,57.0832,57.5075,59.1825,57.9854,56.5908,57.9939,58.5368,57.976,59.961,60.4397,60.3937,60.5888,60.394,59.8354,60.5016,62.5975,61.6813,62.5804,62.4304,62.5988,62.0683,62.0618,64.0677,63.6235,62.9812,65.2585,64.8268,63.1828,64.2731,66.1415,66.9075,66.901,67.7003,65.1736,65.3976,68.8887,67.938,68.3842,67.9115,67.8879,69.0179,67.9894,67.4214,66.6646,66.8334,68.2613,66.4473,65.4853,66.9243,66.3046,66.4523,-78.0,-78.0,-78.0,-78.0,-96.0,-96.0,-96.0,-96.0,,,,,2
49.2257,48.3053,48.6076,48.1043,48.9665,48.3625,48.3625,48.3625,47.8185,47.8169,47.4043,46.8939,46.9009,46.9628,47.3918,46.6432,46.6072,46.5995,46.2048,46.5351,46.1699,46.1909,45.4262,45.6043,46.2522,45.8361,46.4639,46.4179,46.0647,46.0537,46.3052,45.0862,45.3937,45.7051,44.8121,44.5628,44.0955,45.6149,44.7304,44.723,44.3366,44.6804,45.4268,45.0216,44.6524,45.0774,44.6133,44.6883,44.3702,44.3966,44.7481,44.8536,44.6399,44.9242,45.6373,45.1582,44.5333,45.2566,43.6622,44.8053,45.3389,45.9283,45.5697,46.2975,45.7268,46.0708,46.0601,46.7799,45.45,45.7174,46.0337,45.2656,45.5866,46.729,46.6529,46.9731,46.5851,46.1362,46.9294,46.9383,46.5699,46.9877,46.2426,47.7581,47.0149,47.2914,47.1932,47.1162,46.9879,46.9899,47.1196,47.6893,47.6626,47.8116,47.6469,48.0902,47.5338,48.0452,48.5592,48.6964,48.6095,49.0923,49.0822,49.0993,49.776,49.718,49.7521,49.4208,49.8627,50.4513,49.2856,51.041,49.9421,51.0811,51.0661,51.04,52.1728,51.8204,51.9809,52.6502,52.0492,52.2747,52.5693,54.246,52.5076,53.76,54.2167,53.9628,54.4552,54.4595,53.5825,55.6989,54.8728,54.7712,55.939,56.5528,55.9995,55.4231,57.6644,57.6176,57.0081,57.651,58.1654,58.7132,58.7026,59.2527,59.7605,59.2202,59.8587,59.8587,60.5057,60.7057,60.4018,61.0987,61.3434,61.352,61.616,61.0651,61.6847,61.6612,60.7407,61.0669,61.0523,61.0533,60.1838,61.3991,61.4472,61.0405,61.5167,61.4704,61.5996,61.5925,60.7296,61.1125,61.4704,61.4704,61.0176,60.972,61.0759,61.4977,60.7164,61.1845,60.7164,61.1886,61.6423,61.6423,61.204,61.6883,61.506,61.506,61.506,61.85,61.126,62.4206,61.7387,62.338,61.6603,53.1542,52.7892,52.7277,51.4174,52.7105,57.5639,60.2629,58.0756,58.0995,58.9337,60.4756,61.4627,61.0446,60.1811,59.6039,59.7177,60.3194,60.2877,60.0716,59.8773,61.4879,60.5577,60.9824,61.0156,60.9186,60.9786,61.1247,60.3327,59.4565,58.772,58.4446,57.9703,57.812,57.7946,56.6268,57.0951,57.9704,58.987,58.46,58.0886,57.9674,58.0541,56.7935,57.5601,56.4639,54.4757,54.8317,54.7409,54.6208,53.6828,55.2748,54.5319,54.5088,53.293,53.2334,52.616,52.8625,52.6125,52.1148,52.5347,52.2513,52.309,52.075,53.9979,53.0698,52.1265,51.5198,51.3305,51.3578,51.0414,50.1151,49.4181,49.8505,50.4188,49.8705,49.4961,49.5162,50.3752,48.5281,48.6528,49.0251,49.2295,49.2102,48.0355,49.3815,49.6603,49.0761,48.8685,48.5509,49.3574,48.87,48.3423,48.2447,48.7378,48.678,48.5738,47.8227,48.4843,47.6235,48.3757,48.8295,48.2331,48.1426,48.4275,47.8488,48.1312,48.8817,48.8586,48.6725,48.7299,47.2829,50.2342,50.3113,48.5311,49.5654,49.4611,48.5472,48.8661,48.8635,47.9895,49.0701,48.8855,48.9601,49.0318,50.3672,50.104,49.3992,50.3614,49.2255,50.3795,50.2741,50.2953,50.2301,50.0325,49.974,49.8427,49.9225,50.3948,49.4627,48.2514,49.5595,49.5837,49.3113,49.4491,48.8535,49.1503,48.8878,49.4891,50.9307,50.1013,49.6484,49.9696,48.9653,49.1479,50.5457,49.5227,49.8438,50.6062,50.4427,50.3268,49.7017,50.8119,50.5723,50.6922,49.9689,50.694,50.2317,50.256,50.2329,50.8924,50.402,51.0404,50.7631,50.0869,50.4437,51.2355,50.5888,51.6547,51.3944,51.7226,51.6095,51.1128,51.831,51.1305,51.3573,51.8512,50.7576,50.8039,51.6803,51.4719,51.4791,51.5215,51.4898,51.0778,51.4587,53.3897,53.3735,52.356,52.9283,53.4872,52.6713,53.6394,53.6461,,,,,,,,,,,,,20
37.5789,37.7566,38.0893,38.2481,38.3538,38.4999,38.5357,38.6736,38.9127,38.8504,38.9546,39.2348,39.6936,39.7827,39.9138,40.1043,40.4115,41.0578,41.394,41.7188,42.0021,42.4985,42.8918,43.3199,43.8256,43.8042,43.9907,44.1624,44.2634,44.584,44.8784,45.1639,45.1328,45.2071,45.1869,45.1868,45.2807,45.0528,45.0041,44.8198,44.5607,44.573,44.6625,44.7416,44.7428,44.9755,45.2519,45.3532,45.7127,45.9044,46.2669,46.3074,46.2876,46.4732,46.2001,46.3243,46.2357,46.3126,46.0645,46.2474,46.3021,46.0424,46.0181,45.9207,45.8503,45.7152,45.7973,45.6244,45.7365,45.7526,45.8972,45.8985,46.1284,45.9743,46.188,46.3078,46.1606,46.358,46.612,46.8627,46.7918,46.9902,46.76,46.7765,47.0722,46.8176,46.6385,46.3606,46.3787,46.3256,46.3952,46.4967,46.3873,46.8867,47.0119,47.4536,47.6207,47.6134,47.6445,47.7078,47.7687,47.5538,47.5758,47.5448,47.5717,47.7357,47.9273,47.8802,48.1926,48.3397,48.533,48.601,48.5118,48.5701,48.8078,49.1201,49.0834,48.9224,48.9462,48.8577,49.0622,48.8752,48.6679,48.5254,48.4695,48.7436,48.6266,48.5923,48.6096,48.8379,48.8997,48.6683,48.9348,48.925,48.8991,49.1374,49.0505,49.2407,49.3438,49.6388,49.2967,49.3334,49.6086,49.6955,49.9259,49.9177,49.8599,50.1385,50.4242,50.4792,50.5307,50.6154,50.5252,50.7659,50.999,63.4757,63.4727,63.6224,63.6366,64.0281,64.4248,64.6222,65.0156,65.1974,65.7583,66.1466,66.4731,66.6509,67.0769,67.3288,67.3243,65.749,65.9755,65.9984,66.2898,66.3569,66.4551,66.432,66.5905,66.6382,66.8952,66.9945,67.3621,67.5939,67.8927,68.1589,68.495,68.6753,68.7648,68.9278,68.7021,68.5428,68.3378,68.4362,68.5828,68.8944,68.902,69.1216,69.3867,69.7798,70.169,70.2456,70.3509,70.4814,70.4968,70.4031,70.4501,70.4801,70.3205,70.4474,70.508,70.5761,70.6055,70.6711,70.7591,70.5265,70.5253,70.2504,70.2436,69.8315,69.8317,69.6952,69.5709,69.4795,69.4064,69.2393,69.2573,69.3057,69.3204,69.3411,69.4529,69.7606,69.7935,70.2371,70.0967,70.1153,70.3773,70.6315,70.7452,70.8304,71.2024,71.3163,71.5225,71.7839,71.8799,71.9223,72.0892,72.2216,72.3672,72.4077,72.6925,72.9127,73.3682,73.559,73.7523,73.8869,74.0788,74.2929,74.2687,74.3096,74.4116,74.4802,74.5349,74.7465,74.7309,74.9527,75.2639,75.6177,76.0059,76.2176,76.5663,76.8079,77.1558,77.3764,77.6861,77.9145,77.6425,77.9303,78.159,78.4913,78.4706,78.6208,78.6354,78.7532,79.0487,79.1766,79.3,79.2872,79.7585,80.0277,80.4202,80.621,81.0721,81.349,81.5496,81.8947,82.0559,81.985,82.0032,82.0187,82.0358,82.0423,82.1143,82.2449,82.3156,82.2292,82.0931,82.2485,82.2569,82.2814,82.1262,82.1126,82.1759,82.5266,82.6364,82.8062,82.6417,82.8711,83.0098,83.0939,82.9487,82.8581,82.8287,82.7697,82.9227,82.7064,82.7437,82.7726,82.8754,82.9343,82.855,82.899,83.0994,83.0514,83.0812,83.0241,83.0008,82.9533,83.2015,82.9936,82.8705,82.95,83.1714,83.2804,83.3679,83.3307,83.1725,83.2832,83.1222,83.0647,82.9792,82.9675,83.0164,83.2697,83.4799,83.7244,83.972,84.2943,84.3002,84.4813,84.5838,84.618,84.7567,84.9229,85.1001,85.1822,85.5479,85.7534,85.7602,85.7532,85.9026,86.0202,86.0132,86.2112,86.1716,86.4022,86.652,86.7769,86.7637,86.6976,86.8292,86.659,86.8231,86.5151,86.411,86.1709,86.1818,86.0531,85.689,85.3632,84.8825,84.4153,83.961,83.7715,83.4168,83.1155,82.7401,82.6816,82.4368,82.3315,,,,,-82.0,-82.0,-82.0,-82.0,,,,,21
13.4209,13.3179,13.2185,12.959,12.9706,13.0998,13.0624,12.8955,12.8892,12.7091,12.4421,12.5519,12.4909,12.1827,12.135,11.9597,11.7433,11.7239,11.7401,11.5912,11.5551,11.4435,11.4867,11.5905,11.6632,11.8886,11.7444,11.7879,11.6461,11.444,11.3831,11.4774,11.597,11.5837,11.7702,11.9777,12.089,12.3167,12.3868,12.547,12.4976,12.622,12.7285,12.6933,12.9522,13.0199,12.9647,13.1588,13.3424,13.4843,13.642,13.9759,14.1441,14.4513,14.6476,14.6055,14.5931,14.8487,15.1085,15.2135,15.0962,15.2404,15.3643,15.9045,16.4736,16.8563,16.9369,17.501,18.1493,18.4992,18.8528,19.0998,19.4548,19.6544,20.091,20.192,20.3516,20.6376,20.9588,21.2822,21.4123,21.738,22.0481,22.3537,22.6866,22.8349,23.1111,23.102,23.4081,23.5523,23.727,24.13,24.3314,24.801,25.1983,25.6027,25.9041,26.2359,26.5109,26.5919,26.9194,27.0678,27.3544,27.7392,27.8852,28.1993,28.6605,29.1003,29.5556,30.129,30.5022,31.0851,31.6297,31.8913,31.9559,32.3762,32.6708,32.8857,33.0267,32.9093,33.1499,33.5522,34.0515,34.1601,34.466,34.7634,35.0467,35.2905,35.4198,35.5474,35.4893,35.7766,35.9655,36.1534,36.3603,36.7035,36.7764,36.9191,37.3222,37.6514,37.908,38.2931,38.5798,38.9024,39.2052,39.6953,39.8894,40.1669,40.3646,40.5797,41.1179,41.6491,42.508,42.9728,43.6831,44.0565,44.542,45.2034,45.2921,45.3706,45.4049,45.5314,45.5047,45.6576,45.9911,45.9956,46.2933,46.4882,46.6119,46.8654,47.3185,47.6567,47.877,48.0427,48.4838,48.9299,49.0987,49.3851,49.4922,49.7757,49.9841,50.371,50.4525,50.6571,51.099,51.3722,51.55,51.6355,51.939,52.002,52.3835,52.8219,53.2296,53.5888,54.0781,54.625,54.8631,55.5067,55.8992,56.0693,56.1689,56.3967,56.6171,56.7796,56.9383,56.9823,57.1663,57.3799,57.4949,57.7137,58.0244,58.2866,58.4274,58.5422,58.5223,58.5075,58.5873,58.5964,58.4426,58.4249,58.3073,58.2009,58.285,58.6532,58.6072,58.4825,58.6483,58.571,58.7642,58.7486,58.7969,58.4546,58.5697,58.6941,58.635,58.7894,58.7906,58.9725,59.0318,59.3573,59.5024,59.8764,60.2236,60.4068,60.5565,60.6252,60.8912,61.1935,61.3722,61.4723,61.628,61.9422,61.9785,62.2575,62.6085,62.5797,62.6611,62.7295,62.52,62.497,62.737,62.9143,62.6811,62.6311,62.4632,62.3522,62.408,62.3572,62.1773,62.1383,62.143,62.1428,62.1054,61.9375,61.8119,61.8233,61.7627,61.4469,61.2801,61.261,61.4006,61.6308,61.9514,62.0545,62.2281,62.4838,62.7803,62.9052,62.9928,63.3672,63.3478,63.3613,63.5851,63.604,63.7059,63.7217,63.8572,63.9791,64.0726,64.1892,64.2345,64.2933,64.2601,64.4267,64.6475,64.6926,64.8523,64.8391,64.8086,65.0542,65.4994,65.6517,65.7032,65.4694,65.2732,65.5156,65.5006,65.3439,65.1276,65.0356,64.9293,65.1096,65.2215,65.1014,65.2095,65.3041,65.1529,64.915,64.8754,64.8908,64.868,65.079,65.1929,65.0299,65.1877,65.5974,65.6708,65.8431,65.8603,65.7892,65.8408,65.9679,66.0172,66.2288,66.5897,66.7389,66.9156,67.035,67.2438,67.6289,67.7432,67.6942,67.5634,67.4532,67.4939,67.6441,67.5382,67.6496,67.8897,67.9931,68.2096,68.4841,68.654,68.7101,68.8129,68.9119,69.0095,69.0013,68.9554,69.1131,69.0413,69.2034,69.2889,69.2888,69.1411,69.2263,69.3893,69.107,69.0278,68.9101,68.7446,68.2859,68.1879,67.9666,67.5751,67.601,67.5842,67.2914,66.9811,67.1234,66.9548,66.8703,66.8355,66.788,66.6303,66.6684,66.755,66.7711,66.8613,66.7646,-72.0,-72.0,-72.0,-72.0,,,,,,,,,22
51.0162,51.0159,51.045,50.9015,50.7289,50.6721,50.6345,50.5439,50.394,50.1969,49.8629,49.7918,49.7295,49.4802,49.5421,49.3989,49.3716,49.4591,49.5174,49.3099,49.2678,49.2843,48.9897,49.0971,52.5349,52.4633,52.2269,52.3866,52.3246,52.3629,52.2831,52.0938,52.2302,52.1318,52.0943,51.7179,51.6522,51.5885,51.6035,51.4976,51.2051,51.0352,51.0081,50.9835,50.7311,50.3923,50.1555,50.1456,50.2249,50.0862,49.9431,49.822,49.8468,49.6914,49.5496,49.4117,49.1915,48.9366,47.0496,46.8211,46.599,46.5687,46.7538,46.8179,46.7338,46.8865,46.8453,46.8208,46.8044,46.7114,46.708,46.5556,46.5305,46.548,46.5252,46.6837,46.8572,46.7397,46.3459,46.2562,46.2725,45.8912,45.5156,45.4847,45.2097,45.1087,45.0835,44.7659,44.64,44.5661,44.5744,44.4416,44.3998,44.208,44.183,44.035,43.8738,43.8238,43.792,43.5855,43.4128,43.4444,43.3013,43.4643,43.5445,43.5891,43.4458,43.6178,43.9071,44.0433,44.3382,44.2795,44.2916,44.3237,44.5234,44.5622,44.4877,44.6409,44.3958,44.6963,44.9593,45.065,44.8967,45.0005,45.0179,45.1099,45.3593,45.1871,44.8546,44.8718,44.9827,44.8835,44.948,44.6754,44.5101,44.6378,45.0187,45.0849,45.247,45.1943,45.1833,45.3909,45.5605,45.5894,45.58,45.2244,44.885,45.0242,44.924,45.8125,45.8381,45.6304,45.5879,45.6839,46.0001,46.0284,45.866,46.0318,45.9998,46.1774,46.0988,46.323,46.0072,45.8844,45.9339,45.8633,45.9801,46.0389,45.9716,45.7615,45.928,45.8001,45.7528,45.7528,45.761,45.604,45.601,45.735,45.7562,45.7536,46.2044,46.2874,46.0351,46.0067,45.9541,45.5822,45.5897,45.6767,45.2317,45.1423,45.1521,45.1288,45.0162,45.2105,44.9674,44.9157,45.1929,45.2051,49.2029,49.1275,49.2464,49.2209,49.2224,49.2588,49.0223,48.7202,48.7176,48.7585,48.6049,48.3515,48.3014,48.0785,48.0291,48.1282,48.1282,47.904,47.9236,48.0203,47.9676,47.8476,47.6981,47.506,47.5566,47.7658,47.9452,47.93,47.924,47.762,47.5402,47.3794,47.2863,46.9496,46.512,46.1574,45.9863,46.1038,46.1707,46.1015,45.8518,45.8523,45.7032,45.6355,45.6862,45.4536,45.2758,45.0846,45.0014,44.8473,44.7838,44.5996,44.2283,44.0946,44.0112,44.1729,43.9647,43.8672,43.7587,43.721,43.593,43.4262,43.2894,43.067,42.8161,42.9092,42.9831,42.7314,42.6958,42.7499,42.6775,42.3074,42.2969,41.9716,41.7515,41.8026,43.1562,42.7955,42.7306,42.6747,42.6304,42.3328,42.1259,41.6304,41.6357,41.6544,41.2116,41.1147,40.8886,40.8627,40.7003,40.7075,40.4162,40.0102,39.9899,39.7957,39.3271,39.3126,38.933,38.7151,38.4836,38.4413,38.2043,38.0194,37.9858,37.8552,38.0775,38.0731,38.0787,37.8537,37.9693,37.9777,37.9947,37.677,37.5169,37.0904,36.6768,36.4894,36.141,36.1136,36.0772,35.7876,35.5183,35.4423,35.5901,35.6761,35.6635,35.3802,35.0931,35.2001,34.8249,34.9414,34.5939,34.3353,34.1054,33.8182,33.8395,33.504,33.3793,33.1204,32.6648,32.5081,32.2502,31.9894,31.662,31.455,30.965,30.6348,30.5836,30.2901,29.901,29.6742,29.4423,29.1613,29.1408,29.0244,28.6585,28.3414,28.1352,27.8218,27.6134,27.5695,27.5485,27.4868,27.5011,27.3932,27.3281,27.2512,27.1352,27.0309,26.8194,26.6216,26.4612,26.1821,25.9997,25.7173,25.4334,25.0519,24.7791,24.6998,24.5527,24.703,24.6394,24.7169,24.4748,24.3094,24.1487,24.005,23.901,23.4674,23.2707,23.1259,23.1296,23.0731,22.9687,22.7648,22.6809,22.718,22.7225,22.4881,22.4167,22.1824,,,,,,,,,,,,,23
61.1396,60.5268,60.8355,60.5662,61.4997,62.2178,62.1092,62.5761,62.3948,63.7387,62.7164,65.0446,63.2338,62.0602,63.4357,64.2237,64.6659,63.7541,64.1775,64.4121,64.2227,65.9888,64.8144,64.4468,64.4103,64.3599,64.0594,65.9032,63.8469,64.0194,63.7027,65.1179,64.9221,64.5993,64.6899,65.7999,65.8447,64.8034,66.5893,63.9663,66.3874,65.213,65.3353,65.6094,63.7605,63.5575,64.7574,63.012,63.012,63.4556,62.6457,63.4005,62.5642,62.0151,61.7804,60.6432,62.7265,63.2847,60.9957,59.6962,62.1952,62.2815,58.9626,60.5939,60.4655,61.3167,60.1609,58.7674,60.8772,59.1501,58.7085,58.6118,59.0698,59.331,59.019,57.5651,57.1954,57.7834,58.8408,56.9886,57.0326,56.4012,57.5463,57.5357,56.9537,55.4918,56.9721,56.4309,54.5579,55.8707,54.4419,54.5627,54.665,53.6404,53.6164,51.702,51.6374,51.8115,50.693,49.6344,50.954,49.2355,47.6007,46.6797,48.6609,46.4999,46.3466,47.2993,45.4225,45.473,45.1683,42.8059,43.8491,41.0866,40.7808,40.9219,39.3793,38.1732,38.0542,37.8608,38.3658,36.5671,37.9825,36.0808,36.1273,35.2747,35.9157,35.4098,36.0725,35.9827,36.243,35.8523,35.5516,35.7164,34.6774,35.09,34.3934,33.9106,31.6373,32.9735,31.1522,30.9059,31.6804,32.4704,32.2271,31.9419,29.3907,30.3528,31.3319,30.0376,30.1365,29.4741,29.4741,29.0418,29.0231,30.3257,29.8837,30.3963,30.228,31.0778,30.5461,30.8848,31.1,31.6035,31.7202,31.9136,32.0943,31.9642,30.7605,31.2746,33.7495,33.4719,32.6442,33.9574,34.4423,36.1254,34.2084,37.8535,38.4258,37.6986,37.9246,39.8146,41.2619,40.0008,41.9173,41.2338,41.9045,41.2504,44.0217,44.4116,45.1261,45.6748,45.1477,46.3578,46.3635,46.7545,49.0097,48.7083,49.4253,52.0244,53.3975,52.5878,53.839,54.6415,55.7491,55.8051,56.9359,56.5738,56.1445,58.2615,57.3071,58.2292,57.1553,57.896,59.0708,59.6464,60.0109,62.932,61.2236,62.761,62.0047,64.0275,65.3435,64.9408,64.7302,66.0048,64.7428,67.2249,67.7866,66.3723,66.5235,67.6256,67.8835,67.8798,68.7092,68.7128,69.2806,69.5191,70.5029,71.0383,70.6371,70.0161,71.266,70.2541,72.123,71.2457,73.3006,75.026,74.4012,74.6566,75.575,75.2461,76.1205,75.5474,77.2922,77.5638,79.1741,79.1741,77.7497,75.5526,76.6505,76.1214,76.867,75.5863,76.0126,76.5948,75.4875,75.0006,74.6916,74.8487,75.5921,72.4706,74.2623,73.4516,73.6349,72.2665,72.7088,72.9713,72.802,72.9971,71.0668,72.0956,70.1175,72.3787,70.8881,72.3575,69.7471,69.3784,70.9159,70.1106,70.2268,67.6845,69.0184,70.5823,69.3774,67.9253,68.5519,68.0801,67.1779,68.14,68.3044,70.2249,68.3121,66.6709,66.0928,66.6291,67.0034,65.0003,67.0835,64.6856,65.2722,66.8682,66.4726,64.9461,65.4128,64.7374,65.4338,65.2415,64.4832,65.0736,63.7729,64.5448,62.9835,63.0848,63.582,63.7319,63.2034,62.1768,63.0243,63.7081,63.2395,64.5629,63.9377,62.1256,61.8382,63.3646,61.314,62.3836,62.1747,62.466,61.9843,62.1197,63.6785,62.8043,62.1748,60.2196,59.5897,61.4135,62.0529,63.1732,61.7101,62.5118,63.5259,62.1979,61.4436,61.0791,63.0948,60.9692,61.1265,60.2536,61.9835,62.0815,62.0815,60.5991,61.8374,60.5789,59.2724,60.3287,61.0023,58.4888,58.5869,58.1568,58.8695,59.531,59.1917,56.5616,56.6563,57.9694,55.6299,57.2502,57.2501,56.0448,57.952,55.3269,56.6905,56.8929,57.1638,55.9651,55.5151,54.2819,56.174,56.0403,56.6497,55.5208,55.9788,56.9919,54.5692,55.5845,54.2885,56.1308,-78.0,-78.0,-78.0,-78.0,,,,,,,,,3
58.1606,59.7159,58.8837,57.1321,57.2389,55.6953,54.2719,55.0178,54.5233,54.7533,53.3529,53.0554,55.0885,55.6646,54.7809,54.1956,54.673,53.7803,53.5601,54.0126,54.6839,53.7991,54.8957,53.4401,54.6391,52.8495,52.6963,52.4874,51.0856,51.2378,50.0609,49.4289,49.442,49.4306,48.3777,47.6882,47.4353,47.2813,47.1486,46.4023,46.36,45.6007,45.0676,45.1709,44.2148,43.4196,45.2501,43.7972,43.7862,43.6899,43.6899,42.7879,40.764,43.3559,41.3358,42.1568,41.5737,40.9754,40.8573,39.0784,38.9916,38.3201,37.2744,37.8156,37.0573,35.5091,35.0413,35.406,35.5672,34.025,33.4647,32.7748,34.4859,33.0742,31.9698,33.4842,32.5551,31.3698,31.4792,32.4072,30.3667,29.8017,29.4224,29.1216,27.8398,27.2131,27.4297,28.4744,26.8461,27.4386,26.0851,26.316,26.2913,24.0046,24.8284,23.7093,23.2178,23.6281,24.0874,22.3362,24.2435,23.2372,23.0903,22.2752,21.034,21.5591,22.1774,23.1842,22.6075,22.9379,22.8508,24.2141,22.6082,22.6656,23.366,21.1711,22.838,23.5351,23.1182,21.5095,24.3167,22.513,23.5508,23.2242,22.9446,22.6647,22.4898,21.5752,23.136,23.9484,22.4744,24.5967,22.1368,22.66,25.4571,22.4116,23.0593,23.6474,23.1116,23.9899,23.1238,24.4033,24.9349,25.5159,22.9225,24.8748,26.0857,26.5707,24.2262,26.55,26.2078,26.5019,25.8802,28.4123,28.126,28.8111,28.8111,29.5722,26.7115,32.052,30.5078,31.7888,31.5969,32.6809,32.8243,33.9662,35.5803,34.5844,35.4025,35.5123,37.373,37.3753,37.8705,39.5659,38.6681,39.1388,40.8391,40.769,42.2453,43.4884,42.7091,44.0299,44.169,44.7234,46.5046,45.2278,47.567,48.6895,49.9634,49.2085,50.7018,51.1768,51.0668,52.9464,53.5101,53.3461,55.2098,54.8928,56.2955,56.8224,59.9271,59.5214,59.9477,59.7103,60.9062,59.9027,62.5288,62.846,61.3068,63.7921,64.9531,65.1308,65.7922,66.1858,66.8489,68.22,68.7564,70.8382,71.8703,69.7092,71.3185,71.7725,72.097,72.9962,74.8461,75.2302,75.283,76.7711,74.8357,76.5748,76.4539,77.6815,76.9783,78.8465,78.6463,79.6627,81.0749,81.7265,81.8961,82.5492,81.4958,83.9249,83.9726,85.2274,86.6052,85.2309,87.6151,90.1113,87.4375,90.9816,90.9384,92.0317,92.6012,93.4889,91.6981,93.4551,94.5091,94.4894,96.1374,94.8964,94.553,94.553,94.8042,96.257,95.3761,95.4719,94.5735,95.1666,97.4084,95.904,97.2473,96.3999,96.8137,99.0098,98.9789,99.2474,100.0102,99.5303,98.6653,98.9081,100.8156,99.2418,99.1386,99.624,99.3499,99.4613,99.9985,100.4821,98.7653,100.5937,100.3999,99.4123,99.8204,100.4297,99.1013,99.2214,99.4697,99.304,99.463,99.1873,98.6482,98.0244,99.6273,100.4611,99.5652,98.0784,98.9785,99.0289,97.2041,96.4886,98.2365,95.7881,95.4672,95.6046,94.3454,94.3028,94.015,92.9452,91.1105,92.3793,92.17,92.0586,89.9576,89.5113,89.3652,87.7104,87.4912,89.2861,87.6788,88.115,85.6705,86.85,85.2207,85.0605,83.6241,84.0176,81.5538,83.6041,84.3728,83.3042,83.5259,81.8107,81.1958,78.536,80.2669,79.8934,78.8798,78.4111,76.9893,76.3661,75.516,76.2346,76.7189,76.9791,73.7797,75.8982,74.3075,75.5638,74.3486,72.5188,74.1155,72.4051,71.7643,72.7617,71.7629,70.8543,70.8543,71.6895,69.4221,69.033,69.1855,67.3647,65.8436,64.7362,65.01,64.316,63.3534,61.2796,61.5845,62.7941,61.3629,61.3944,60.3999,59.7902,57.8596,58.1848,59.0713,58.1442,58.2804,57.9773,56.9733,57.3253,56.5407,56.8894,58.3912,55.419,53.0522,54.6777,55.1098,53.8725,-75.0,-75.0,-75.0,-75.0,,,,,,,,,4
71.565,70.2667,71.823,71.6332,71.1853,69.9731,72.9623,72.119,72.0976,72.1128,72.3943,72.0159,71.4034,74.2307,71.9865,70.89,72.4225,73.8481,72.366,72.0368,73.3069,72.7464,72.9933,72.6083,73.2267,72.6565,73.2512,72.7077,74.4061,73.6354,73.2019,73.0405,74.4071,74.3661,76.3197,75.3075,75.1256,75.4032,75.5418,76.6121,76.0805,76.2659,76.2415,76.9565,76.6758,76.2977,76.8844,75.8609,77.148,77.9211,76.835,76.835,76.4562,79.4313,78.0231,78.8458,77.3394,77.7659,76.9709,79.1526,80.3817,80.5399,81.1371,80.7617,80.5574,81.2708,79.882,79.8151,81.5987,81.9624,84.0005,82.8705,84.1371,83.3502,83.9466,82.9531,82.6684,85.6406,85.2556,84.8138,84.5045,85.4963,85.3983,87.4325,87.1472,86.9845,88.5389,89.1869,88.8889,90.045,91.4507,91.8401,90.2849,91.4418,92.4911,92.2824,91.0962,92.867,94.2889,94.6654,94.1007,94.0794,94.6426,96.7084,94.8389,95.6703,96.9032,97.3305,99.5446,97.2836,97.921,98.9949,99.4179,100.9201,101.1963,100.9823,101.4892,102.1604,103.2603,102.2169,102.8811,104.2064,105.2233,104.1227,104.5696,103.9857,103.6111,104.9372,105.0654,104.8768,104.7487,106.293,105.3435,106.8314,107.8249,107.9476,108.9409,109.3599,109.4141,108.3134,111.0707,110.2194,110.4886,111.2574,110.7508,111.0137,110.0426,110.6349,110.5913,109.1678,108.3971,108.337,108.337,107.5331,109.2069,108.1282,107.43,108.0459,108.4489,107.3291,107.1438,107.1645,106.9544,106.9637,108.6458,106.9416,106.7303,105.4458,105.8952,109.0314,107.0648,107.2322,107.0042,104.9389,106.7514,105.0863,104.8068,104.5676,105.0575,105.068,103.5677,105.1441,103.8584,102.1672,101.0801,102.5523,104.0883,104.3423,102.357,104.0673,101.339,101.7521,102.4822,102.5305,99.9981,100.9912,99.2786,99.4558,97.8454,96.8482,93.8546,92.5673,92.8706,92.0658,91.4428,89.9394,89.9479,88.5062,86.4505,88.379,86.451,86.8176,85.9573,84.9082,85.9876,83.7717,83.7515,82.4685,84.1287,84.5509,81.881,82.6606,82.2963,83.4119,82.2923,82.7179,80.4316,81.6713,81.1869,81.836,81.7854,79.5386,81.4872,78.9852,80.8947,78.7176,80.3332,78.8955,79.908,77.5398,80.4961,77.8591,79.5408,78.5683,77.8914,78.3639,77.6951,78.0399,76.8662,75.8923,74.2238,75.1508,73.0766,73.0766,73.9906,72.5381,73.3448,73.0028,73.1957,70.7798,71.1203,72.8576,69.4959,69.5616,69.7658,70.1728,69.9926,71.1099,70.6349,70.0645,69.6952,70.6322,70.4948,68.6803,68.2788,71.1201,70.0245,69.9405,70.9442,68.739,69.7173,70.3115,69.631,69.6276,70.5397,67.9965,68.8782,67.5671,70.0134,68.5195,69.1709,69.1977,68.9156,69.2896,69.6517,69.6973,68.4023,70.4128,68.4661,68.5073,69.2067,68.2597,68.4715,67.9899,67.293,67.1319,68.5528,68.3501,69.7709,66.2486,68.006,69.5107,67.1684,68.0,68.7797,66.142,67.1791,66.3497,64.4797,67.7743,67.5901,66.8363,67.1231,67.4366,66.6589,65.7754,67.6641,65.8527,64.9333,65.1736,68.1824,64.9683,67.6948,66.368,66.8091,65.7551,66.1345,62.8971,65.2087,64.9129,65.8582,65.5311,63.321,65.9468,65.1015,64.9012,63.8163,64.0006,62.0222,63.0849,61.8506,61.5496,62.1065,61.2061,61.2061,60.945,61.0583,60.354,60.5681,60.7838,59.4029,61.0788,60.4499,59.4378,60.1752,57.696,58.2532,56.6763,58.3395,58.8219,57.2913,55.4098,55.2199,55.9175,56.134,55.7847,55.2554,54.6783,56.2882,55.7762,56.3417,53.7183,54.4749,55.8845,54.0035,53.7656,53.5592,53.8828,54.0228,54.8492,52.6852,53.8017,52.7882,51.5474,50.8795,51.4587,50.3721,51.7291,51.7738,51.0774,-79.0,-79.0,-79.0,-79.0,,,,,,,,,5
55.2577,53.9044,55.27,54.6758,55.3146,55.5975,54.1409,54.4681,56.805,55.8657,55.7929,56.7636,55.6952,56.1598,57.4753,56.1906,57.105,57.7411,57.9863,59.4701,56.762,57.5308,59.382,59.0492,59.3539,60.924,60.8794,61.0874,62.3472,62.5212,62.6695,64.1712,62.614,65.0631,65.8771,65.3824,65.2933,66.4151,65.7423,65.5953,65.7162,65.2176,64.3005,64.4803,63.5469,65.1286,65.714,66.8793,67.0335,66.6864,66.4541,66.1787,67.5619,66.7768,69.9931,68.1418,68.7168,67.9964,68.9499,69.3606,69.1487,71.0063,71.4509,73.1238,71.6949,68.8524,70.0793,71.5269,71.5349,71.6615,71.731,71.8668,72.6898,72.2486,74.0623,74.0623,73.7114,75.1918,75.369,76.4403,76.2976,75.3397,75.9296,76.1759,77.1032,77.5403,76.777,78.0173,76.004,74.7847,75.3929,74.7391,75.9587,74.8755,74.1667,74.8697,73.0538,72.6582,73.8508,72.649,73.4438,72.9536,73.2942,71.734,72.4073,72.7249,72.9147,73.8889,73.3967,72.8019,71.9364,74.4127,72.6121,72.6424,73.7077,71.8319,73.2137,72.3182,71.8386,72.695,72.2063,71.5451,73.1456,72.5611,70.1195,71.0183,71.4789,70.5307,71.9537,73.919,72.974,71.8839,72.0147,71.7743,73.2268,72.2627,71.0963,70.5858,69.3381,69.1881,68.7092,69.3928,69.4511,67.8199,67.0058,66.9198,67.8175,65.6801,65.968,65.9815,64.4737,65.6073,64.4839,65.3493,63.3319,64.1313,63.1528,65.3892,63.2912,63.906,63.0923,61.6339,61.5431,61.9476,60.7362,60.6862,59.4025,59.4745,58.2096,58.4565,56.6066,58.1382,56.2538,54.1522,54.953,55.0648,54.6378,54.6984,54.618,54.618,54.7171,53.9092,52.9649,51.1285,50.4455,49.6858,48.9027,47.6843,48.0936,46.8518,46.6482,44.7324,42.6405,41.0432,41.482,41.1279,40.3588,36.9309,37.2781,34.9139,33.9075,34.3401,34.0108,33.1011,31.7011,33.1039,31.6229,31.6623,30.1719,29.6724,29.9093,29.7897,29.3545,26.9882,26.668,27.1952,25.5363,25.6203,25.0715,24.5995,22.5722,21.5089,22.5168,23.0865,21.4608,20.0105,20.2045,19.4939,18.1835,19.1028,18.2789,16.5675,17.723,19.0195,19.7561,18.4812,17.5163,17.2703,17.5186,17.4929,16.5958,17.4299,16.3637,18.5345,19.4244,19.3139,20.6188,19.8888,19.8142,20.844,22.1619,22.3743,22.5776,23.1283,22.6214,22.7461,21.5444,23.7149,24.5712,23.1866,23.7173,24.6601,23.3232,24.4271,20.6325,23.519,24.0222,22.0516,23.1675,21.4985,20.496,22.3522,19.2327,18.1453,21.1529,19.0382,19.1279,18.9598,18.2774,18.1047,17.0804,17.1755,15.6294,15.6294,14.8841,14.8804,16.145,14.5389,15.0334,15.449,14.8308,14.4621,16.2758,17.6767,16.9436,18.4623,19.9107,19.6991,19.3275,18.7456,22.7142,22.0924,22.2139,24.2233,24.1767,24.6102,25.382,26.1105,26.1392,28.3267,29.2345,28.1613,31.9743,31.1308,31.4429,31.2866,31.9295,32.5267,32.975,32.5303,32.4921,33.5159,34.8776,36.0004,34.7505,35.8875,34.9251,34.8042,36.0556,38.7303,38.2821,37.5713,38.5295,37.4673,37.4648,40.8702,38.2262,40.3183,40.4784,41.8953,40.2318,43.0484,42.2352,42.2652,42.9754,43.7127,44.5442,45.0459,43.3931,44.9212,45.74,44.723,45.0816,45.7247,48.2321,46.9108,47.5837,47.2445,47.2925,48.246,49.5296,48.5324,49.3915,48.6143,49.8134,50.4545,50.925,50.2427,50.7329,52.0317,50.8346,52.5497,50.7956,51.7975,51.4595,51.7856,52.5846,53.4145,52.4987,54.2971,54.2672,54.0761,51.8893,54.8095,54.0317,56.6803,56.6711,56.6711,57.5875,57.4274,58.5554,57.6895,57.8972,58.6283,59.2695,59.8449,58.4506,59.7996,60.5975,60.5768,-80.0,-80.0,-80.0,-79.0,,,,,,,,,6
37.1422,36.9654,36.3547,36.111,36.5555,35.8239,34.9657,34.3565,35.3961,36.2595,34.8,33.5428,34.771,33.7672,34.8393,35.0881,34.0705,31.7514,32.5456,31.8383,31.73,30.3656,27.875,29.9244,29.4118,30.2552,28.4954,28.0942,27.5303,27.9351,28.2359,26.9515,27.4407,26.5729,26.9852,26.849,26.2541,26.7534,26.2938,27.015,29.1408,27.8092,28.4582,28.3958,28.8909,28.0992,28.752,30.4908,29.2845,30.1246,30.1246,30.4088,28.5877,30.8794,30.3388,29.3952,30.4578,32.1978,30.3638,29.3348,30.9485,31.6337,30.6194,30.941,30.068,30.6168,30.3649,29.8299,28.7745,29.7295,30.2469,29.1129,27.9559,29.7158,28.961,27.6843,28.1465,27.1632,28.7344,26.9411,27.976,27.4712,27.6787,26.4194,27.0686,25.9478,25.8817,26.3698,26.5745,25.4587,26.0906,26.5671,26.1601,24.7746,25.4912,26.7132,25.2734,26.3194,27.8681,27.1411,27.0686,28.9259,28.7911,26.7186,28.1279,27.8499,28.5578,28.5539,27.9278,29.6677,29.1188,29.7479,30.5835,29.7306,28.2514,29.4974,27.6618,27.8659,27.817,26.1273,26.5196,27.8939,26.6026,26.6547,24.7153,25.3508,25.0496,24.1435,22.0299,23.1764,20.1162,20.0899,20.5356,19.1475,18.3115,16.7697,16.4658,15.4312,15.407,13.3089,13.868,13.0187,12.0386,12.2682,11.4426,12.2581,11.3285,12.9169,11.8922,13.0394,11.8458,12.0205,12.9744,13.5282,13.2134,13.2134,13.2141,15.7773,15.5676,15.7119,16.6259,15.7538,19.718,16.1996,19.0757,17.6394,19.9699,18.0988,19.419,19.4018,20.7273,19.9746,20.8829,21.5238,20.7349,22.8966,22.8859,24.1045,22.6459,23.8751,25.1372,26.1955,26.6534,26.8588,29.4311,28.6792,29.0044,29.7788,31.3118,32.3265,33.2026,34.4612,35.238,37.2214,37.0992,36.6978,38.5139,41.133,41.5797,44.086,44.3635,45.0878,45.7583,47.322,48.8923,48.7165,48.7062,51.3425,50.868,53.4834,52.5345,52.7824,55.2882,56.1088,57.3544,58.7474,57.2575,59.3659,60.7068,62.8077,61.6553,62.5756,63.4943,63.6785,64.0413,64.9221,65.0048,64.1567,64.3811,66.8834,65.1656,66.9738,67.2488,66.0063,67.2663,65.6954,66.9483,68.3029,67.9335,69.5992,70.0283,68.5519,70.8674,69.5301,69.7158,70.0696,72.0743,73.0619,71.7139,71.0358,70.0321,70.5455,71.4619,69.5099,68.5586,70.048,68.8391,68.546,67.0534,67.0534,68.655,66.8714,67.4584,65.3353,66.9726,67.0292,67.2638,68.0529,66.9438,65.8716,66.4267,67.7129,65.9528,66.7816,66.6134,65.9831,66.4848,64.9283,66.257,66.381,67.0263,66.0134,63.5761,65.2312,64.5178,64.5522,62.5455,62.7864,60.8282,60.958,62.3229,62.5436,61.2589,60.867,62.4119,60.0813,61.416,58.8343,57.9978,58.4533,58.5142,58.2451,57.8571,59.6982,56.5624,58.4331,56.2775,56.2267,58.4388,56.9217,57.2155,57.3641,58.8274,57.12,58.3594,57.6484,58.1267,58.9163,57.9066,58.0497,59.1076,59.5322,61.3986,58.5874,58.9047,59.9198,60.1572,59.5953,56.6538,57.6687,56.7973,56.7935,57.7118,55.1243,54.4818,54.3483,55.0573,54.0994,53.9929,53.1397,51.0381,51.1971,50.4446,50.8069,49.5175,49.5184,47.7744,48.373,48.0911,47.6553,46.0242,46.2694,46.175,45.6767,45.1319,44.8678,43.05,42.7457,44.7516,44.4678,42.9725,43.8341,42.3575,43.2856,43.2856,44.1696,44.4508,43.2251,40.8425,42.0155,42.2597,43.8682,43.5622,43.7808,42.578,43.364,44.6889,42.8918,43.3377,43.3489,44.3861,41.3978,43.8668,43.0723,40.0694,41.7128,41.9944,40.9892,41.2877,39.7485,40.872,39.3821,37.311,37.429,36.1402,38.0144,37.7362,35.9745,37.0069,36.1452,-79.0,-79.0,-79.0,-79.0,-94.0,-94.0,-94.0,-94.0,-114.0,-114.0,-114.0,-114.0,8
50.1435,50.2882,50.6482,50.4389,50.5676,51.0011,50.5932,50.5974,50.7376,51.1122,51.3158,51.6196,51.7649,51.44,51.2863,51.3848,50.9958,51.4328,51.6862,51.7239,51.6405,51.5332,51.3538,51.0512,50.8821,50.823,50.7502,51.0387,50.8421,50.1982,50.1922,50.1171,50.1083,50.2372,50.468,50.652,50.4708,50.4311,50.255,49.8788,49.6801,49.0335,48.8728,48.8303,48.3744,48.2633,48.0095,47.3831,47.3581,47.3597,47.1503,47.1628,46.8309,46.1536,45.86,45.1133,45.0986,44.929,44.675,44.4437,44.4161,43.8663,44.1027,43.7509,43.5648,43.2111,42.6341,42.4438,41.9991,41.7596,41.803,41.325,41.1068,41.1732,40.8787,41.0147,41.1533,40.8714,40.9349,40.3923,40.1485,39.9199,39.7907,39.6146,39.6723,39.7574,39.8114,39.6728,39.5606,39.6606,39.3036,39.2366,38.9856,38.7866,38.6195,38.6786,38.5946,38.1603,38.1323,38.048,38.1394,38.0066,38.0996,38.1683,37.9513,37.9919,37.8117,37.9155,37.6714,37.2677,36.8579,36.5825,36.2492,36.0109,36.2554,36.0476,35.6762,35.6838,35.4019,35.2687,35.2013,34.9675,34.6418,34.1745,33.8903,33.6056,33.2943,33.1701,32.9344,33.071,32.8783,32.7048,32.753,32.4736,32.3181,32.041,31.9415,31.6546,31.2566,31.0882,30.8608,30.6878,30.2621,29.9782,29.485,29.1981,29.1872,29.2429,29.5799,29.568,29.4689,29.7446,29.6193,29.517,29.5109,29.8222,29.779,30.0168,30.2026,30.3302,30.1916,30.1856,30.2537,30.0197,30.2521,30.3755,30.6238,30.9598,31.4051,31.2312,31.4196,31.9377,31.9499,32.4585,33.0362,33.077,33.4917,34.0405,34.3867,34.7722,34.8915,35.1258,35.172,35.2117,35.5924,36.2562,36.6185,37.0584,37.5833,37.9043,38.0873,38.6347,39.0541,38.9652,39.3598,39.688,39.9293,40.546,41.4566,41.8941,42.3897,42.5539,42.9088,42.6099,42.4068,42.8435,43.1716,43.4629,43.9347,44.2202,44.5695,44.8352,45.2516,45.4586,45.8991,46.295,46.3112,46.6356,47.2694,47.576,47.9952,48.3195,48.2431,48.2292,47.9748,48.0586,48.2873,48.5685,48.8488,49.151,48.9525,49.1376,49.4646,49.5863,49.8696,49.9067,49.8772,49.9192,49.8704,49.8782,49.9245,49.7957,50.1929,50.3054,50.4388,50.3155,50.1769,49.6172,49.6353,49.1332,48.9673,49.1564,49.1296,48.969,48.6047,48.3819,47.8488,47.7675,47.4678,47.4242,47.3191,47.3231,47.2763,47.4861,47.4382,47.0754,47.0333,46.9559,46.725,46.6969,46.8637,46.529,46.3662,46.0995,45.7832,46.155,46.2748,46.1724,45.8807,45.7458,45.4296,45.2035,45.0966,44.7848,44.4906,44.3965,44.1964,44.127,44.2175,44.021,43.9972,43.8239,43.8425,43.6682,43.6269,43.4228,43.438,43.3778,43.284,43.0328,42.4609,42.0748,42.0309,41.8643,42.0419,42.1507,41.9874,41.8984,41.5307,41.3835,41.3045,41.1733,40.9923,40.8078,40.5125,40.3948,40.0364,40.0664,39.904,39.2705,39.0421,38.9952,38.7448,38.3403,38.1668,38.0701,37.7727,37.5888,37.9611,37.6403,37.4289,37.3849,37.2411,36.8838,36.7927,36.791,36.4632,36.4493,36.2523,35.8627,35.611,35.457,35.6284,35.5813,35.4555,35.4807,35.5996,35.494,35.4829,35.6647,35.5495,35.3617,35.5146,35.5733,35.6126,35.8966,35.9776,36.0253,36.0421,36.26,36.0196,36.0088,36.0434,36.0285,35.9718,35.7323,35.7754,35.956,36.0599,36.4309,36.621,36.6441,36.8759,36.7492,36.8357,36.9806,37.3021,37.6529,37.8644,37.8821,37.9699,38.2994,38.1828,38.2397,38.2948,38.5036,38.5655,38.5574,38.5562,38.6761,38.8998,38.9662,39.4328,39.3326,39.4128,39.5522,39.4813,39.6585,40.0602,39.9856,-79.0,-79.0,-79.0,-79.0,,,,,,,,,9
