Time,Meg
16:26:13:224,33.0648
16:26:13:243,32.8891
16:26:13:264,32.5561
16:26:13:283,32.4507
16:26:13:303,32.3499
16:26:13:323,32.2453
16:26:13:343,32.0306
16:26:13:363,32.3836
16:26:13:382,32.6076
16:26:13:402,32.6831
16:26:13:422,32.6078
16:26:13:443,32.7294
16:26:13:466,32.5726
16:26:13:483,32.4636
16:26:13:503,32.2734
16:26:13:523,32.1134
16:26:13:542,32.1754
16:26:13:565,32.4233
16:26:13:583,32.2954
16:26:13:603,32.4585
16:26:13:623,32.4262
16:26:13:642,32.4332
16:26:13:665,32.4888
16:26:13:683,32.6221
16:26:13:703,32.684
16:26:13:722,32.795
16:26:13:742,32.7121
16:26:13:764,32.7365
16:26:13:783,32.9598
16:26:13:803,32.9419
16:26:13:822,32.9893
16:26:13:842,33.0999
16:26:13:863,33.2275
16:26:13:883,33.1284
16:26:13:903,33.1793
16:26:13:922,33.2654
16:26:13:945,33.3714
16:26:13:963,33.2113
16:26:13:983,32.9793
16:26:14:002,32.9854
16:26:14:022,33.0278
16:26:14:045,33.0418
16:26:14:064,33.1733
16:26:14:083,33.2344
16:26:14:103,33.1666
16:26:14:123,33.0662
16:26:14:143,33.2351
16:26:14:164,33.457
16:26:14:183,33.3153
16:26:14:203,33.0379
16:26:14:223,32.7694
16:26:14:243,32.502
16:26:14:264,32.3856
16:26:14:283,32.5494
16:26:14:303,32.7841
16:26:14:326,33.3678
16:26:14:343,33.5812
16:26:14:364,33.8433
16:26:14:382,33.9168
16:26:14:403,33.8001
16:26:14:426,33.821
16:26:14:443,33.9132
16:26:14:464,33.8562
16:26:14:484,33.7283
16:26:14:503,33.7943
16:26:14:524,33.8167
16:26:14:543,33.9288
16:26:14:564,33.688
16:26:14:582,33.9115
16:26:14:603,33.8959
16:26:14:624,34.0242
16:26:14:643,34.055
16:26:14:664,34.251
16:26:14:682,34.3325
16:26:14:706,34.2569
16:26:14:723,34.752
16:26:14:743,34.8572
16:26:14:763,35.0396
16:26:14:783,35.0554
16:26:14:806,34.7174
16:26:14:823,34.7003
16:26:14:843,34.472
16:26:14:863,34.4303
16:26:14:883,34.4484
16:26:14:905,34.4021
16:26:14:923,34.1958
16:26:14:943,34.2991
16:26:14:963,34.2971
16:26:14:983,34.3794
16:26:15:003,34.7642
16:26:15:023,34.9592
16:26:15:043,34.8572
16:26:15:063,35.1939
16:26:15:087,35.0074
16:26:15:103,35.1445
16:26:15:123,35.0175
16:26:15:143,35.1491
16:26:15:164,35.0002
16:26:15:185,35.1802
16:26:15:203,35.0112
16:26:15:223,35.0117
16:26:15:259,35.2973
16:26:15:264,35.6424
16:26:15:284,35.9858
16:26:15:303,36.0177
16:26:15:323,36.0738
16:26:15:343,36.1787
16:26:15:363,36.3594
16:26:15:385,36.4352
16:26:15:403,36.5065
16:26:15:423,36.243
16:26:15:442,35.9563
16:26:15:464,35.432
16:26:15:483,35.4304
16:26:15:503,35.3678
16:26:15:523,35.6036
16:26:15:543,36.2437
16:26:15:565,36.412
16:26:15:583,36.4564
16:26:15:603,36.4771
16:26:15:623,36.3632
16:26:15:643,36.4276
16:26:15:665,36.5249
16:26:15:683,36.8033
16:26:15:703,37.068
16:26:15:722,37.3051
16:26:15:742,36.872
16:26:15:764,37.0093
16:26:15:783,37.1227
16:26:15:803,37.2761
16:26:15:823,37.2087
16:26:15:842,37.3407
16:26:15:863,37.0201
16:26:15:883,36.9601
16:26:15:903,37.0659
16:26:15:923,37.3933
16:26:15:946,37.5234
16:26:15:964,37.5802
16:26:15:983,37.7928
16:26:16:003,37.5051
16:26:16:023,37.6111
16:26:16:045,37.8623
16:26:16:064,37.9425
16:26:16:083,37.9909
16:26:16:103,38.1874
16:26:16:123,37.994
16:26:16:144,37.7796
16:26:16:163,37.5995
16:26:16:183,36.9254
16:26:16:203,36.8125
16:26:16:223,36.2565
16:26:16:244,36.0221
16:26:16:263,36.0931
16:26:16:283,36.5801
16:26:16:303,36.6425
16:26:16:324,37.1932
16:26:16:343,37.5833
16:26:16:364,37.859
16:26:16:383,37.9258
16:26:16:403,38.2986
16:26:16:425,37.8234
16:26:16:443,37.5051
16:26:16:464,37.5688
16:26:16:483,37.342
16:26:16:503,37.3013
16:26:16:524,37.7416
16:26:16:544,37.529
16:26:16:563,37.65
16:26:16:583,37.649
16:26:16:603,37.5639
16:26:16:625,37.7724
16:26:16:643,38.0701
16:26:16:663,37.9566
16:26:16:683,38.0595
16:26:16:703,38.2731
16:26:16:723,38.2646
16:26:16:743,38.3726
16:26:16:763,38.3794
16:26:16:783,38.5893
16:26:16:806,38.4629
16:26:16:824,38.4047
16:26:16:843,38.7131
16:26:16:864,38.5801
16:26:16:883,38.4799
16:26:16:905,38.7293
16:26:16:923,38.912
16:26:16:943,39.1903
16:26:16:964,39.3178
16:26:16:983,39.7145
16:26:17:005,39.7944
16:26:17:023,39.7408
16:26:17:043,39.7322
16:26:17:064,39.8132
16:26:17:084,39.9042
16:26:17:103,39.8739
16:26:17:124,39.6225
16:26:17:143,39.4597
16:26:17:163,39.356
16:26:17:186,39.153
16:26:17:203,38.9253
16:26:17:223,39.0403
16:26:17:242,38.9103
16:26:17:289,39.1609
16:26:17:290,39.3879
16:26:17:303,39.3425
16:26:17:323,39.5116
16:26:17:343,39.4457
16:26:17:363,39.1361
16:26:17:384,38.9853
16:26:17:403,39.0886
16:26:17:423,39.1881
16:26:17:442,39.1034
16:26:17:464,39.2119
16:26:17:484,39.2452
16:26:17:503,39.1673
16:26:17:523,39.3312
16:26:17:543,39.8025
16:26:17:566,40.322
16:26:17:583,40.4688
16:26:17:603,40.714
16:26:17:623,40.6464
16:26:17:643,40.8317
16:26:17:665,40.9652
16:26:17:683,41.3351
16:26:17:703,41.4795
16:26:17:723,41.2948
16:26:17:743,41.0068
16:26:17:763,40.6397
16:26:17:783,40.4267
16:26:17:803,40.2312
16:26:17:823,40.5221
16:26:17:843,40.8929
16:26:17:864,41.0803
16:26:17:883,41.4824
16:26:17:903,41.4575
16:26:17:923,41.462
16:26:17:945,41.969
16:26:17:964,42.0273
16:26:17:983,41.8511
16:26:18:003,42.3214
16:26:18:023,42.1672
16:26:18:045,42.5267
16:26:18:064,42.8597
16:26:18:083,42.9138
16:26:18:103,43.0117
16:26:18:123,42.932
16:26:18:144,43.1017
16:26:18:164,42.8207
16:26:18:183,42.847
16:26:18:203,43.1796
16:26:18:223,43.4817
16:26:18:244,43.9125
16:26:18:263,43.9491
16:26:18:283,43.6365
16:26:18:303,43.2534
16:26:18:323,42.7771
16:26:18:343,42.7405
16:26:18:363,42.6899
16:26:18:383,42.4497
16:26:18:403,42.1325
16:26:18:425,42.2708
16:26:18:443,42.517
16:26:18:464,42.5893
16:26:18:483,42.4958
16:26:18:503,42.7293
16:26:18:524,42.5273
16:26:18:545,42.4457
16:26:18:564,42.6646
16:26:18:583,42.5803
16:26:18:603,42.5838
16:26:18:623,42.2977
16:26:18:643,42.1562
16:26:18:663,41.7954
16:26:18:683,41.7271
16:26:18:707,41.3857
16:26:18:723,41.5349
16:26:18:743,41.5609
16:26:18:763,41.4633
16:26:18:783,41.5614
16:26:18:804,41.4967
16:26:18:823,41.5687
16:26:18:843,41.421
16:26:18:864,41.4194
16:26:18:883,41.3873
16:26:18:905,41.3
16:26:18:923,41.2463
16:26:18:944,41.3337
16:26:18:963,41.2925
16:26:18:983,40.9593
16:26:19:004,41.0743
16:26:19:023,40.8053
16:26:19:043,40.4742
16:26:19:063,40.4385
16:26:19:084,39.9395
16:26:19:103,39.8125
16:26:19:123,39.7165
16:26:19:143,40.0844
16:26:19:163,40.4639
16:26:19:186,40.6793
16:26:19:203,40.8397
16:26:19:224,40.7859
16:26:19:243,40.5851
16:26:19:263,40.2032
16:26:19:331,39.7402
16:26:19:332,39.433
16:26:19:332,39.3558
16:26:19:343,39.1065
16:26:19:364,38.9681
16:26:19:383,38.9497
16:26:19:402,38.8067
16:26:19:423,38.8511
16:26:19:442,38.9414
16:26:19:463,39.3281
16:26:19:482,39.6588
16:26:19:503,39.5815
16:26:19:523,39.731
16:26:19:543,39.7266
16:26:19:566,39.5501
16:26:19:583,39.6759
16:26:19:604,40.1183
16:26:19:623,40.4721
16:26:19:643,40.9255
16:26:19:665,40.8349
16:26:19:683,40.5685
16:26:19:704,40.6295
16:26:19:723,40.5881
16:26:19:743,40.6348
16:26:19:763,40.7575
16:26:19:783,41.0004
16:26:19:803,40.8156
16:26:19:823,40.6014
16:26:19:843,40.9186
16:26:19:863,40.9953
16:26:19:883,41.1678
16:26:19:903,41.204
16:26:19:923,41.1963
16:26:19:943,40.88
16:26:19:964,40.9115
16:26:19:983,40.8598
16:26:20:003,40.7247
16:26:20:023,41.0156
16:26:20:045,41.2458
16:26:20:064,41.4384
16:26:20:083,42.0004
16:26:20:104,42.2827
16:26:20:123,42.5083
16:26:20:144,42.7122
16:26:20:163,42.4931
16:26:20:183,42.2709
16:26:20:203,42.5388
16:26:20:223,42.3721
16:26:20:243,42.1932
16:26:20:263,42.1199
16:26:20:283,41.9281
16:26:20:303,41.8086
16:26:20:324,41.8734
16:26:20:343,41.8156
16:26:20:363,41.8567
16:26:20:383,41.754
16:26:20:403,41.4264
16:26:20:425,41.5205
16:26:20:443,41.8807
16:26:20:463,42.0154
16:26:20:483,42.3341
16:26:20:503,42.4815
16:26:20:525,42.7293
16:26:20:544,42.94
16:26:20:564,43.187
16:26:20:583,43.4215
16:26:20:603,43.8341
16:26:20:623,43.8847
16:26:20:643,43.9201
16:26:20:664,44.0625
16:26:20:683,44.2029
16:26:20:704,44.4403
16:26:20:723,44.7513
16:26:20:743,45.0191
16:26:20:764,44.8841
16:26:20:782,45.1406
16:26:20:803,44.948
16:26:20:822,45.1725
16:26:20:843,45.4473
16:26:20:863,45.2134
16:26:20:883,45.4855
16:26:20:905,45.4181
16:26:20:923,45.4212
16:26:20:943,45.5173
16:26:20:963,45.7007
16:26:20:983,45.9528
16:26:21:004,46.0085
16:26:21:023,46.3507
16:26:21:043,46.3494
16:26:21:063,46.5032
16:26:21:083,46.6666
16:26:21:103,46.2928
16:26:21:123,46.3105
16:26:21:143,46.4072
16:26:21:163,46.4831
16:26:21:185,46.61
16:26:21:203,46.6883
16:26:21:223,46.6833
16:26:21:243,46.8589
16:26:21:263,46.7648
16:26:21:285,47.0015
16:26:21:367,47.1106
16:26:21:367,46.937
16:26:21:368,47.1492
16:26:21:368,47.0447
16:26:21:385,46.9927
16:26:21:403,47.1418
16:26:21:423,47.3043
16:26:21:443,47.4056
16:26:21:465,47.6396
16:26:21:483,47.7772
16:26:21:503,48.0523
16:26:21:523,48.1543
16:26:21:543,48.1938
16:26:21:566,48.3365
16:26:21:583,48.0397
16:26:21:603,48.1681
16:26:21:623,48.5344
16:26:21:643,48.338
16:26:21:665,48.1911
16:26:21:684,48.4523
16:26:21:704,48.1422
16:26:21:723,48.0983
16:26:21:743,48.2015
16:26:21:763,48.2617
16:26:21:783,48.3383
16:26:21:803,48.8564
16:26:21:823,48.9064
16:26:21:843,48.9271
16:26:21:864,49.1287
16:26:21:883,49.1986
16:26:21:903,48.8152
16:26:21:923,48.7944
16:26:21:946,49.052
16:26:21:963,48.9839
16:26:21:983,49.1074
16:26:22:003,49.395
16:26:22:023,49.2048
16:26:22:044,49.099
16:26:22:064,49.2366
16:26:22:083,49.3293
16:26:22:103,49.3847
16:26:22:123,49.3826
16:26:22:143,49.5087
16:26:22:163,49.907
16:26:22:183,49.8363
16:26:22:203,49.9302
16:26:22:223,50.1612
16:26:22:244,50.0855
16:26:22:264,50.1642
16:26:22:283,50.1872
16:26:22:303,50.3852
16:26:22:326,50.1118
16:26:22:343,50.3007
16:26:22:363,50.1178
16:26:22:383,49.7777
16:26:22:404,49.963
16:26:22:425,49.9455
16:26:22:443,50.3843
16:26:22:464,50.7239
16:26:22:483,50.8453
16:26:22:503,51.1417
16:26:22:525,51.3209
16:26:22:543,51.4416
16:26:22:563,51.6609
16:26:22:583,51.9714
16:26:22:603,52.1232
16:26:22:624,52.3443
16:26:22:643,52.4109
16:26:22:663,52.3649
16:26:22:683,52.2394
16:26:22:706,52.1505
16:26:22:723,52.0282
16:26:22:743,51.9611
16:26:22:766,52.1105
16:26:22:787,52.1394
16:26:22:804,52.1914
16:26:22:822,52.4361
16:26:22:843,52.2543
16:26:22:864,52.1759
16:26:22:882,51.9034
16:26:22:903,51.822
16:26:22:923,51.7715
16:26:22:943,51.7872
16:26:22:963,52.2775
16:26:22:983,52.5716
16:26:23:004,52.609
16:26:23:023,52.8311
16:26:23:043,52.8679
16:26:23:064,53.2405
16:26:23:085,53.3177
16:26:23:103,53.079
16:26:23:123,53.2196
16:26:23:143,53.0604
16:26:23:163,52.9614
16:26:23:185,53.2516
16:26:23:206,53.5452
16:26:23:223,54.0372
16:26:23:243,53.8702
16:26:23:263,53.925
16:26:23:283,53.7034
16:26:23:347,53.5772
16:26:23:348,53.8266
16:26:23:348,53.8353
16:26:23:363,53.9984
16:26:23:383,54.0041
16:26:23:403,54.1767
16:26:23:423,54.2027
16:26:23:443,54.3129
16:26:23:465,54.6794
16:26:23:483,54.8139
16:26:23:503,54.8201
16:26:23:523,54.838
16:26:23:543,54.8527
16:26:23:565,54.8265
16:26:23:583,54.8122
16:26:23:603,54.9091
16:26:23:623,54.3404
16:26:23:642,53.7729
16:26:23:664,53.4485
16:26:23:683,53.1678
16:26:23:703,52.8059
16:26:23:723,53.1793
16:26:23:743,53.2986
16:26:23:765,53.3003
16:26:23:783,53.3285
16:26:23:803,53.1752
16:26:23:823,52.9412
16:26:23:843,52.9624
16:26:23:864,53.0602
16:26:23:883,52.9424
16:26:23:903,52.8726
16:26:23:923,52.8927
16:26:23:944,52.6567
16:26:23:966,52.7536
16:26:23:983,52.6366
16:26:24:002,52.118
16:26:24:022,51.8392
16:26:24:044,51.499
16:26:24:063,51.0533
16:26:24:083,50.8805
16:26:24:102,50.4833
16:26:24:123,50.3335
16:26:24:143,50.3868
16:26:24:163,50.2568
16:26:24:183,50.258
16:26:24:203,50.3118
16:26:24:223,50.3824
16:26:24:243,50.3504
16:26:24:264,50.6167
16:26:24:283,50.893
16:26:24:303,50.7034
16:26:24:325,51.0267
16:26:24:343,51.1359
16:26:24:364,50.9886
16:26:24:383,50.5781
16:26:24:403,50.3608
16:26:24:424,50.0067
16:26:24:443,49.7956
16:26:24:464,49.9136
16:26:24:482,50.1187
16:26:24:503,50.4484
16:26:24:524,50.8364
16:26:24:544,51.1113
16:26:24:563,51.2909
16:26:24:583,51.6549
16:26:24:603,51.5957
16:26:24:623,51.7944
16:26:24:643,51.4241
16:26:24:664,51.4222
16:26:24:683,51.3418
16:26:24:704,51.2373
16:26:24:723,50.9701
16:26:24:743,50.9491
16:26:24:763,50.6243
16:26:24:783,50.3679
16:26:24:808,50.4011
16:26:24:824,50.5664
16:26:24:843,50.6511
16:26:24:863,50.8011
16:26:24:883,50.6683
16:26:24:903,50.3861
16:26:24:923,50.2878
16:26:24:943,50.2545
16:26:24:963,49.9908
16:26:24:983,50.0021
16:26:25:003,49.9388
16:26:25:023,50.3001
16:26:25:043,50.6572
16:26:25:064,50.4666
16:26:25:085,50.0553
16:26:25:103,49.962
16:26:25:123,49.6076
16:26:25:143,49.6775
16:26:25:164,50.1087
16:26:25:185,50.149
16:26:25:203,50.3532
16:26:25:223,50.181
16:26:25:243,50.0908
16:26:25:263,49.5426
16:26:25:285,49.4603
16:26:25:303,49.17
16:26:25:331,49.2278
16:26:25:343,49.0879
16:26:25:363,48.6689
16:26:25:383,48.6497
16:26:25:403,48.3432
16:26:25:423,48.5023
16:26:25:443,48.3523
16:26:25:466,48.1191
16:26:25:483,48.2165
16:26:25:503,48.2078
16:26:25:523,47.9565
16:26:25:543,48.1272
16:26:25:566,48.2294
16:26:25:583,48.2403
16:26:25:603,48.4522
16:26:25:623,48.431
16:26:25:643,48.5175
16:26:25:665,48.6443
16:26:25:683,48.5101
16:26:25:703,48.5049
16:26:25:723,48.6493
16:26:25:743,48.388
16:26:25:764,48.2486
16:26:25:783,48.1191
16:26:25:803,48.1585
16:26:25:823,47.787
16:26:25:843,47.6279
16:26:25:864,47.2198
16:26:25:883,47.1572
16:26:25:903,47.1045
16:26:25:923,47.0802
16:26:25:945,47.3027
16:26:25:963,47.4042
16:26:25:983,47.4555
16:26:26:003,47.4485
16:26:26:022,47.7247
16:26:26:044,47.7957
16:26:26:064,47.9141
16:26:26:083,48.033
16:26:26:103,47.9788
16:26:26:123,47.9174
16:26:26:145,48.0238
16:26:26:164,47.9805
16:26:26:183,47.7516
16:26:26:203,47.6624
16:26:26:223,47.6039
16:26:26:243,47.8837
16:26:26:264,48.1227
16:26:26:283,48.4673
16:26:26:303,48.7376
16:26:26:326,48.7276
16:26:26:343,48.7954
16:26:26:364,48.8195
16:26:26:383,48.7544
16:26:26:403,48.7863
16:26:26:425,48.5684
16:26:26:443,48.5914
16:26:26:463,48.6597
16:26:26:483,48.8079
16:26:26:503,49.3287
16:26:26:524,49.4633
16:26:26:543,49.6257
16:26:26:563,49.5677
16:26:26:583,49.7821
16:26:26:603,49.8976
16:26:26:624,50.3011
16:26:26:643,50.2623
16:26:26:663,50.4615
16:26:26:683,50.4434
16:26:26:705,50.5939
16:26:26:723,50.2357
16:26:26:743,50.1459
16:26:26:763,50.1344
16:26:26:783,50.0761
16:26:26:804,49.8687
16:26:26:823,49.8102
16:26:26:843,49.9277
16:26:26:863,49.7996
16:26:26:882,49.7604
16:26:26:903,49.755
16:26:26:922,49.2647
16:26:26:942,49.1313
16:26:26:963,49.1912
16:26:26:983,49.3517
16:26:27:003,49.7087
16:26:27:023,49.9151
16:26:27:043,50.0773
16:26:27:063,50.0747
16:26:27:086,50.2894
16:26:27:103,50.2729
16:26:27:123,50.2178
16:26:27:143,50.1724
16:26:27:164,49.9771
16:26:27:185,49.9812
16:26:27:203,49.8247
16:26:27:223,49.6164
16:26:27:243,49.4073
16:26:27:263,49.1812
16:26:27:285,48.8961
16:26:27:303,48.5491
16:26:27:334,48.5818
16:26:27:343,48.2802
16:26:27:363,48.3277
16:26:27:383,48.4545
16:26:27:402,48.5705
16:26:27:422,48.4227
16:26:27:443,48.5334
16:26:27:466,48.4051
16:26:27:483,48.3695
16:26:27:503,48.2284
16:26:27:523,48.1211
16:26:27:543,48.3177
16:26:27:565,48.2955
16:26:27:583,48.2699
16:26:27:603,48.2775
16:26:27:623,48.0251
16:26:27:644,47.8161
16:26:27:665,47.5793
16:26:27:683,47.3674
16:26:27:703,47.2699
16:26:27:723,47.2464
16:26:27:744,47.1733
16:26:27:763,47.115
16:26:27:783,47.1465
16:26:27:803,46.8506
16:26:27:823,46.9255
16:26:27:843,47.0466
16:26:27:863,46.6605
16:26:27:883,46.7266
16:26:27:903,46.7873
16:26:27:923,46.5692
16:26:27:946,46.264
16:26:27:965,46.1293
16:26:27:983,46.0792
16:26:28:003,45.6399
16:26:28:023,45.7134
16:26:28:045,45.5536
16:26:28:064,45.4909
16:26:28:083,45.6316
16:26:28:103,45.7672
16:26:28:123,45.6487
16:26:28:144,45.7093
16:26:28:163,45.4836
16:26:28:183,45.2688
16:26:28:203,45.0419
16:26:28:223,44.8868
16:26:28:243,45.0682
16:26:28:263,44.8181
16:26:28:283,45.1119
16:26:28:303,44.9822
16:26:28:324,44.6972
16:26:28:344,44.9032
16:26:28:364,44.7462
16:26:28:383,44.8972
16:26:28:403,44.6536
16:26:28:425,44.4014
16:26:28:443,44.3413
16:26:28:464,44.465
16:26:28:483,44.1978
16:26:28:503,44.2402
16:26:28:524,44.2942
16:26:28:543,44.3548
16:26:28:563,44.5476
16:26:28:583,44.582
16:26:28:603,44.6182
16:26:28:624,44.3659
16:26:28:643,44.2566
16:26:28:664,44.5412
16:26:28:683,44.5658
16:26:28:705,44.7628
16:26:28:723,44.7443
16:26:28:742,44.7348
16:26:28:763,44.7278
16:26:28:783,44.5293
16:26:28:806,44.7756
16:26:28:823,45.2194
16:26:28:843,45.3839
16:26:28:863,45.5469
16:26:28:883,45.5025
16:26:28:905,45.676
16:26:28:923,45.4511
16:26:28:943,45.4537
16:26:28:964,45.4565
16:26:28:983,45.3683
16:26:29:005,45.2724
16:26:29:024,45.094
16:26:29:043,44.9725
16:26:29:064,45.0836
16:26:29:083,45.1332
16:26:29:103,45.3049
16:26:29:123,45.2262
16:26:29:143,45.4935
16:26:29:163,45.4963
16:26:29:186,45.7535
16:26:29:203,45.7372
16:26:29:223,45.3339
16:26:29:243,45.1225
16:26:29:264,44.982
16:26:29:285,44.9176
16:26:29:303,44.8571
16:26:29:351,45.0087
16:26:29:353,45.0518
16:26:29:364,45.1581
16:26:29:384,45.2702
16:26:29:402,45.1027
16:26:29:423,45.0547
16:26:29:442,45.0516
16:26:29:466,45.1044
16:26:29:484,44.978
16:26:29:503,44.9262
16:26:29:523,44.6963
16:26:29:543,44.5086
16:26:29:566,44.3585
16:26:29:583,44.4985
16:26:29:603,44.6464
16:26:29:623,44.6955
16:26:29:643,44.9398
16:26:29:665,45.3028
16:26:29:683,45.7236
16:26:29:703,45.5901
16:26:29:723,45.5577
16:26:29:743,45.4128
16:26:29:764,45.1488
16:26:29:783,44.9187
16:26:29:803,45.0098
16:26:29:823,44.9436
16:26:29:843,45.1601
16:26:29:864,45.1209
16:26:29:883,44.9373
16:26:29:903,44.5906
16:26:29:923,44.6578
16:26:29:943,44.2973
16:26:29:964,44.395
16:26:29:983,44.5724
16:26:30:003,44.9695
16:26:30:022,44.9761
16:26:30:045,44.9511
16:26:30:063,44.6945
16:26:30:083,44.6228
16:26:30:103,44.2512
16:26:30:123,44.4157
16:26:30:144,44.3606
16:26:30:163,44.3822
16:26:30:183,44.3739
16:26:30:203,44.3773
16:26:30:223,44.3981
16:26:30:243,44.2109
16:26:30:263,44.2409
16:26:30:283,44.2491
16:26:30:303,43.9327
16:26:30:323,43.746
16:26:30:345,43.8094
16:26:30:363,43.558
16:26:30:382,43.4249
16:26:30:403,43.4575
16:26:30:426,43.2528
16:26:30:443,43.3628
16:26:30:464,42.9792
16:26:30:483,42.3977
16:26:30:503,41.8404
16:26:30:525,41.6143
16:26:30:544,41.2652
16:26:30:563,41.667
16:26:30:583,41.7775
16:26:30:603,42.2561
16:26:30:625,42.6145
16:26:30:643,42.7968
16:26:30:664,42.7852
16:26:30:683,42.9286
16:26:30:703,42.7262
16:26:30:724,42.4825
16:26:30:743,42.1119
16:26:30:764,42.1195
16:26:30:783,41.9912
16:26:30:805,41.6061
16:26:30:823,41.4695
16:26:30:844,40.9971
16:26:30:863,40.9215
16:26:30:884,40.6992
16:26:30:905,40.3658
16:26:30:923,40.2793
16:26:30:943,40.1592
16:26:30:963,39.8677
16:26:30:983,40.0549
16:26:31:004,39.615
16:26:31:023,40.0511
16:26:31:043,40.1444
16:26:31:063,40.1034
16:26:31:083,40.1324
16:26:31:104,40.1854
16:26:31:123,40.0284
16:26:31:143,40.0245
16:26:31:163,40.0717
16:26:31:186,39.8888
16:26:31:204,40.3149
16:26:31:223,40.2081
16:26:31:243,39.9736
16:26:31:265,39.9009
16:26:31:285,39.7006
16:26:31:303,39.1611
16:26:31:323,38.7729
16:26:31:355,38.5538
16:26:31:363,38.3737
16:26:31:384,38.3341
16:26:31:403,38.328
16:26:31:423,38.3872
16:26:31:443,38.0937
16:26:31:463,38.1605
16:26:31:484,38.2409
16:26:31:503,38.5186
16:26:31:523,39.304
16:26:31:543,39.9727
16:26:31:565,40.5306
16:26:31:583,40.9276
16:26:31:603,41.0416
16:26:31:623,41.013
16:26:31:643,40.5502
16:26:31:666,40.3889
16:26:31:683,40.1167
16:26:31:703,39.8552
16:26:31:723,39.4413
16:26:31:743,39.039
16:26:31:765,38.7954
16:26:31:783,38.7164
16:26:31:803,38.8031
16:26:31:823,39.2176
16:26:31:843,39.4977
16:26:31:864,39.4702
16:26:31:883,39.3028
16:26:31:902,39.2034
16:26:31:922,39.0947
16:26:31:942,39.3495
16:26:31:963,39.7449
16:26:31:982,39.882
16:26:32:002,40.2353
16:26:32:022,40.3788
16:26:32:044,40.3164
16:26:32:063,40.2279
16:26:32:082,40.1784
16:26:32:102,39.8949
16:26:32:122,39.6959
16:26:32:143,39.4557
16:26:32:163,39.5362
16:26:32:183,39.4385
16:26:32:204,39.0945
16:26:32:223,38.5965
16:26:32:243,38.1736
16:26:32:263,38.0515
16:26:32:283,37.7772
16:26:32:303,37.6543
16:26:32:323,37.3272
16:26:32:344,37.1417
16:26:32:364,36.6121
16:26:32:383,36.281
16:26:32:403,36.0272
16:26:32:424,35.9433
16:26:32:443,36.1805
16:26:32:463,36.2772
16:26:32:483,36.5182
16:26:32:503,36.6871
16:26:32:525,36.9785
16:26:32:544,36.8556
16:26:32:564,36.8772
16:26:32:583,36.9469
16:26:32:603,37.0461
16:26:32:624,36.9692
16:26:32:643,37.0692
16:26:32:663,37.0459
16:26:32:683,37.0766
16:26:32:703,36.7965
16:26:32:724,36.5266
16:26:32:743,36.0287
16:26:32:764,35.7735
16:26:32:783,35.4338
16:26:32:803,35.4306
16:26:32:823,35.4776
16:26:32:843,35.1632
16:26:32:863,34.9599
16:26:32:883,34.8706
16:26:32:905,34.5239
16:26:32:923,34.8735
16:26:32:943,34.9663
16:26:32:963,35.3397
16:26:32:983,35.4518
16:26:33:005,35.3554
16:26:33:023,35.026
16:26:33:043,35.0393
16:26:33:063,35.0078
16:26:33:083,34.94
16:26:33:105,35.3019
16:26:33:123,35.3614
16:26:33:143,35.1264
16:26:33:163,34.8077
16:26:33:184,34.4263
16:26:33:203,34.4944
16:26:33:224,34.007
16:26:33:243,34.1356
16:26:33:263,33.8731
16:26:33:286,33.8436
16:26:33:303,33.4661
16:26:33:323,32.9084
16:26:33:343,32.6494
16:26:33:387,32.2658
16:26:33:389,31.5887
16:26:33:403,31.6362
16:26:33:423,32.0293
16:26:33:443,32.4823
16:26:33:463,33.1072
16:26:33:484,33.9914
16:26:33:503,34.131
16:26:33:523,34.5727
16:26:33:543,34.6602
16:26:33:566,34.5388
16:26:33:584,34.3569
16:26:33:603,34.0465
16:26:33:623,33.6109
16:26:33:643,32.9803
16:26:33:666,32.3518
16:26:33:684,32.1949
16:26:33:703,32.1487
16:26:33:723,32.0237
16:26:33:743,31.9346
16:26:33:764,31.9865
16:26:33:782,31.8128
16:26:33:803,31.7025
16:26:33:823,31.814
16:26:33:843,31.8771
16:26:33:864,31.9797
16:26:33:883,32.2225
16:26:33:903,32.2641
16:26:33:923,32.3181
16:26:33:943,32.2931
16:26:33:964,32.2765
16:26:33:983,32.283
16:26:34:003,32.1644
16:26:34:023,32.3092
16:26:34:044,32.115
16:26:34:063,32.0683
16:26:34:083,32.1569
16:26:34:103,31.6976
16:26:34:123,31.6505
16:26:34:145,31.9576
16:26:34:163,31.6813
16:26:34:183,31.3815
16:26:34:203,31.1492
16:26:34:223,30.8923
16:26:34:245,30.4891
16:26:34:264,30.3415
16:26:34:283,30.1235
16:26:34:303,29.9503
16:26:34:323,29.6896
16:26:34:344,29.8906
16:26:34:364,30.0391
16:26:34:383,30.4308
16:26:34:403,30.972
16:26:34:423,31.7081
16:26:34:444,32.1591
16:26:34:465,32.3476
16:26:34:483,32.4405
16:26:34:503,32.6474
16:26:34:526,32.5037
16:26:34:543,32.0211
16:26:34:564,31.9921
16:26:34:583,31.6752
16:26:34:603,31.399
16:26:34:625,31.3036
16:26:34:643,31.124
16:26:34:663,30.8629
16:26:34:683,30.3926
16:26:34:704,29.8859
16:26:34:725,29.8259
16:26:34:743,29.4128
16:26:34:763,29.4563
16:26:34:783,29.5568
16:26:34:802,29.7617
16:26:34:823,29.7341
16:26:34:843,30.1017
16:26:34:863,30.0267
16:26:34:883,30.0711
16:26:34:906,30.0711
16:26:34:923,30.0527
16:26:34:944,30.0357
16:26:34:964,29.7743
16:26:34:984,29.4423
16:26:35:005,29.4908
16:26:35:023,29.3634
16:26:35:044,29.2738
16:26:35:063,29.5448
16:26:35:083,29.6631
16:26:35:104,29.6381
16:26:35:124,29.7477
16:26:35:143,29.581
16:26:35:163,29.1602
16:26:35:183,29.2261
16:26:35:203,28.9314
16:26:35:223,28.5284
16:26:35:243,28.369
16:26:35:263,28.3676
16:26:35:286,27.9007
16:26:35:305,27.6757
16:26:35:323,27.5662
16:26:35:343,27.5742
16:26:35:365,27.7355
16:26:35:398,28.4102
16:26:35:406,29.3445
16:26:35:423,30.1472
16:26:35:443,31.0444
16:26:35:463,31.6453
16:26:35:483,31.8687
16:26:35:503,31.6134
16:26:35:523,31.4681
16:26:35:542,31.3429
16:26:35:563,31.169
16:26:35:584,30.8571
16:26:35:603,31.1086
16:26:35:623,30.8173
16:26:35:643,30.5582
16:26:35:666,30.3929
16:26:35:683,30.2684
16:26:35:703,30.2294
16:26:35:723,30.2125
16:26:35:743,30.3527
16:26:35:765,30.6173
16:26:35:784,30.7966
16:26:35:803,30.9225
16:26:35:823,31.0922
16:26:35:844,31.18
16:26:35:866,31.6963
16:26:35:883,31.5155
16:26:35:903,31.7102
16:26:35:923,31.8744
16:26:35:943,31.6436
16:26:35:965,31.7422
16:26:35:983,32.1589
16:26:36:003,32.1228
16:26:36:023,32.4111
16:26:36:044,32.5871
16:26:36:063,32.8718
16:26:36:083,33.079
16:26:36:103,33.3322
16:26:36:123,33.6516
16:26:36:145,33.708
16:26:36:164,34.1686
16:26:36:183,34.3625
16:26:36:203,34.351
16:26:36:223,34.403
16:26:36:244,34.2989
16:26:36:264,34.2904
16:26:36:283,34.2347
16:26:36:303,34.014
16:26:36:323,33.7821
16:26:36:343,33.3287
16:26:36:364,32.8473
16:26:36:383,33.0835
16:26:36:403,33.2261
16:26:36:423,33.4943
16:26:36:443,33.9823
16:26:36:464,34.2473
16:26:36:483,34.3521
16:26:36:503,34.373
16:26:36:523,34.6762
16:26:36:543,34.8493
16:26:36:563,34.9198
16:26:36:583,35.103
16:26:36:603,35.2957
16:26:36:625,35.2302
16:26:36:644,35.4022
16:26:36:663,35.6311
16:26:36:683,35.6312
16:26:36:703,35.8255
16:26:36:725,36.0802
16:26:36:743,36.2173
16:26:36:763,36.1166
16:26:36:783,36.1357
16:26:36:803,36.2093
16:26:36:824,36.0866
16:26:36:843,36.1461
16:26:36:863,36.1967
16:26:36:883,36.057
16:26:36:906,36.2412
16:26:36:923,35.9044
16:26:36:943,36.3626
16:26:36:963,36.3031
16:26:36:983,36.2501
16:26:37:005,36.7114
16:26:37:024,36.8036
16:26:37:043,36.9782
16:26:37:064,37.1562
16:26:37:083,37.1101
16:26:37:103,37.0549
16:26:37:123,37.1722
16:26:37:143,37.3937
16:26:37:164,37.7272
16:26:37:183,38.0081
16:26:37:204,38.2272
16:26:37:223,38.2506
16:26:37:243,38.3396
16:26:37:264,38.5208
16:26:37:283,38.3282
16:26:37:303,38.6395
16:26:37:323,38.5571
16:26:37:343,38.2927
16:26:37:363,38.2554
16:26:37:385,37.839
16:26:37:413,37.5185
16:26:37:423,37.4227
16:26:37:443,37.2855
16:26:37:463,37.2016
16:26:37:484,37.2125
16:26:37:503,37.6338
16:26:37:523,38.0463
16:26:37:543,38.1454
16:26:37:563,38.248
16:26:37:583,38.0439
16:26:37:603,38.1448
16:26:37:623,37.9043
16:26:37:643,38.2955
16:26:37:666,38.6127
16:26:37:683,38.6837
16:26:37:703,38.7636
16:26:37:723,38.918
16:26:37:743,38.9468
16:26:37:765,39.3308
16:26:37:783,39.4194
16:26:37:803,39.5576
16:26:37:823,39.4702
16:26:37:843,39.3949
16:26:37:864,39.3485
16:26:37:883,39.5091
16:26:37:903,39.8306
16:26:37:923,40.0464
16:26:37:943,40.2988
16:26:37:964,40.3845
16:26:37:983,40.4946
16:26:38:003,40.4187
16:26:38:023,40.6193
16:26:38:044,40.5224
16:26:38:065,40.5873
16:26:38:083,40.9574
16:26:38:103,41.3441
16:26:38:123,41.511
16:26:38:146,41.8717
16:26:38:164,41.7981
16:26:38:184,42.0831
16:26:38:203,42.1171
16:26:38:224,42.188
16:26:38:245,42.3207
16:26:38:263,42.4795
16:26:38:283,42.5082
16:26:38:303,42.8644
16:26:38:323,42.6994
16:26:38:344,42.83
16:26:38:363,42.9526
16:26:38:383,43.1375
16:26:38:403,43.4561
16:26:38:423,43.6824
16:26:38:444,43.8293
16:26:38:464,44.0666
16:26:38:483,44.3349
16:26:38:503,44.5981
16:26:38:526,44.7808
16:26:38:543,44.8781
16:26:38:564,44.6987
16:26:38:583,44.6701
16:26:38:603,45.0876
16:26:38:625,45.0248
16:26:38:643,45.5637
16:26:38:663,45.6831
16:26:38:683,46.2191
16:26:38:703,46.2355
16:26:38:723,46.6819
16:26:38:743,46.7591
16:26:38:763,46.6941
16:26:38:783,46.8315
16:26:38:803,46.9052
16:26:38:824,47.1771
16:26:38:843,46.8954
16:26:38:864,47.3018
16:26:38:883,47.0265
16:26:38:906,47.0976
16:26:38:923,47.2372
16:26:38:943,47.3123
16:26:38:964,47.5844
16:26:38:983,47.7038
16:26:39:005,47.5262
16:26:39:023,47.771
16:26:39:043,47.7307
16:26:39:064,47.5902
16:26:39:083,47.5677
16:26:39:105,47.3977
16:26:39:123,47.3894
16:26:39:143,47.4284
16:26:39:163,47.5088
16:26:39:183,47.6078
16:26:39:204,47.7865
16:26:39:223,48.0585
16:26:39:243,48.4159
16:26:39:263,48.4601
16:26:39:283,48.2823
16:26:39:303,48.213
16:26:39:323,48.1892
16:26:39:343,48.1393
16:26:39:363,48.5058
16:26:39:386,48.4345
16:26:39:434,48.3756
16:26:39:436,48.1727
16:26:39:444,47.9677
16:26:39:464,47.5637
16:26:39:484,47.2965
16:26:39:503,47.029
16:26:39:523,47.0215
16:26:39:543,46.8354
16:26:39:563,47.0763
16:26:39:584,47.1757
16:26:39:603,47.2031
16:26:39:623,47.1522
16:26:39:643,47.059
16:26:39:666,46.953
16:26:39:683,46.8791
16:26:39:703,47.2373
16:26:39:723,47.3559
16:26:39:743,47.5883
16:26:39:764,47.2948
16:26:39:783,47.074
16:26:39:803,46.7201
16:26:39:823,46.7268
16:26:39:843,46.4035
16:26:39:864,46.6344
16:26:39:883,46.5263
16:26:39:903,46.0619
16:26:39:923,46.1421
16:26:39:943,46.0761
16:26:39:964,46.042
16:26:39:983,46.1335
16:26:40:003,46.3649
16:26:40:023,46.5265
16:26:40:043,46.6038
16:26:40:063,46.2891
16:26:40:083,45.9834
16:26:40:103,45.5478
16:26:40:123,45.1149
16:26:40:145,44.7456
16:26:40:164,44.7975
16:26:40:183,44.6814
16:26:40:203,44.6851
16:26:40:223,44.6457
16:26:40:245,44.6994
16:26:40:264,45.0349
16:26:40:283,45.0255
16:26:40:303,44.9077
16:26:40:323,45.1348
16:26:40:344,44.8824
16:26:40:363,44.6979
16:26:40:383,44.6111
16:26:40:403,44.6679
16:26:40:423,44.1776
16:26:40:443,44.2153
16:26:40:463,43.8307
16:26:40:483,43.5923
16:26:40:503,43.2552
16:26:40:525,43.0611
16:26:40:543,42.8401
16:26:40:563,43.0961
16:26:40:583,43.2027
16:26:40:603,43.3686
16:26:40:624,43.0204
16:26:40:643,42.9382
16:26:40:663,42.6514
16:26:40:683,42.8366
16:26:40:703,42.9695
16:26:40:723,43.2549
16:26:40:744,43.3602
16:26:40:763,43.0844
16:26:40:783,43.0041
16:26:40:803,42.6532
16:26:40:823,42.6796
16:26:40:843,42.6928
16:26:40:864,42.624
16:26:40:883,42.5466
16:26:40:905,42.4117
16:26:40:923,42.2173
16:26:40:943,42.2229
16:26:40:963,42.4379
16:26:40:983,42.3177
16:26:41:005,42.7261
16:26:41:023,42.5567
16:26:41:043,42.2005
16:26:41:063,42.1898
16:26:41:082,41.8988
16:26:41:103,42.0348
16:26:41:123,41.8293
16:26:41:143,41.9137
16:26:41:163,41.9448
16:26:41:183,41.6778
16:26:41:204,41.8415
16:26:41:223,41.6838
16:26:41:243,41.76
16:26:41:263,41.8248
16:26:41:283,41.7623
16:26:41:303,41.8579
16:26:41:323,42.0309
16:26:41:343,42.3109
16:26:41:363,42.3909
16:26:41:384,42.5826
16:26:41:403,42.626
16:26:41:436,42.5695
16:26:41:443,42.1786
16:26:41:463,41.6476
16:26:41:483,41.6009
16:26:41:503,41.692
16:26:41:523,41.7506
16:26:41:543,42.0817
16:26:41:564,42.012
16:26:41:583,41.7081
16:26:41:603,41.6538
16:26:41:623,41.9533
16:26:41:643,42.0698
16:26:41:665,42.3724
16:26:41:683,42.3487
16:26:41:703,42.3339
16:26:41:723,42.131
16:26:41:743,41.9097
16:26:41:764,41.816
16:26:41:783,41.8972
16:26:41:804,42.0127
16:26:41:823,41.8728
16:26:41:843,41.8785
16:26:41:863,41.6692
16:26:41:883,42.0101
16:26:41:903,41.7439
16:26:41:923,41.6326
16:26:41:943,41.771
16:26:41:964,41.5404
16:26:41:983,41.3549
16:26:42:003,41.4763
16:26:42:023,41.7428
16:26:42:043,41.9366
16:26:42:063,41.771
16:26:42:083,41.8671
16:26:42:103,41.865
16:26:42:123,41.71
16:26:42:144,41.7118
16:26:42:163,41.6524
16:26:42:183,41.836
16:26:42:203,41.6453
16:26:42:223,41.4825
16:26:42:243,41.4952
16:26:42:263,41.3503
16:26:42:283,41.7102
16:26:42:303,41.7615
16:26:42:323,42.1968
16:26:42:344,42.5801
16:26:42:363,42.5721
16:26:42:383,42.376
16:26:42:403,41.801
16:26:42:423,41.7351
16:26:42:443,41.2135
16:26:42:464,40.923
16:26:42:483,40.9007
16:26:42:503,40.511
16:26:42:525,40.1589
16:26:42:543,40.054
16:26:42:563,39.8008
16:26:42:583,39.5667
16:26:42:603,39.7436
16:26:42:624,40.0969
16:26:42:643,40.1807
16:26:42:664,40.8871
16:26:42:683,40.9572
16:26:42:703,40.7229
16:26:42:723,40.7915
16:26:42:743,40.7471
16:26:42:764,40.8137
16:26:42:783,40.9027
16:26:42:803,40.9166
16:26:42:823,41.0581
16:26:42:843,41.1553
16:26:42:863,41.0383
16:26:42:883,40.968
16:26:42:905,40.6175
16:26:42:923,40.8437
16:26:42:943,40.7272
16:26:42:963,40.7277
16:26:42:983,40.5962
16:26:43:004,40.3549
16:26:43:023,40.4058
16:26:43:043,40.3715
16:26:43:063,40.0139
16:26:43:083,40.0449
16:26:43:103,40.092
16:26:43:123,39.6958
16:26:43:143,39.6701
16:26:43:163,39.4963
16:26:43:183,39.7246
16:26:43:203,39.7899
16:26:43:223,39.8555
16:26:43:243,39.9183
16:26:43:263,39.9268
16:26:43:285,39.986
16:26:43:303,40.4843
16:26:43:323,40.4106
16:26:43:343,40.542
16:26:43:363,40.4517
16:26:43:384,40.328
16:26:43:403,40.0729
16:26:43:439,39.9322
16:26:43:443,40.1014
16:26:43:463,39.7821
16:26:43:483,39.5396
16:26:43:503,39.1746
16:26:43:523,38.9836
16:26:43:543,38.6892
16:26:43:566,38.7821
16:26:43:583,38.9916
16:26:43:603,38.9942
16:26:43:623,38.9732
16:26:43:643,39.1083
16:26:43:665,39.1258
16:26:43:683,39.209
16:26:43:703,39.2316
16:26:43:723,39.3592
16:26:43:743,39.6653
16:26:43:765,39.5341
16:26:43:783,40.1222
16:26:43:803,40.2417
16:26:43:823,40.3547
16:26:43:843,40.4354
16:26:43:864,40.5922
16:26:43:883,40.1744
16:26:43:903,40.0801
16:26:43:923,40.0702
16:26:43:943,39.9445
16:26:43:963,39.9306
16:26:43:983,40.076
16:26:44:003,40.4274
16:26:44:023,40.9399
16:26:44:045,41.114
16:26:44:064,41.429
16:26:44:083,41.3638
16:26:44:103,41.6264
16:26:44:123,41.3341
16:26:44:144,41.7435
16:26:44:164,41.9334
16:26:44:183,41.8506
16:26:44:203,41.9474
16:26:44:223,42.2396
16:26:44:243,42.5897
16:26:44:263,42.8487
16:26:44:283,43.0471
16:26:44:303,43.631
16:26:44:323,43.6024
16:26:44:343,43.75
16:26:44:363,43.8993
16:26:44:383,43.9522
16:26:44:403,44.1139
16:26:44:425,44.051
16:26:44:443,44.007
16:26:44:464,44.0368
16:26:44:483,43.8736
16:26:44:503,43.7136
16:26:44:524,43.3322
16:26:44:543,43.2785
16:26:44:564,43.2997
16:26:44:583,43.3612
16:26:44:603,43.9647
16:26:44:623,44.2857
16:26:44:643,44.5191
16:26:44:664,44.8006
16:26:44:683,45.3409
16:26:44:703,45.4236
16:26:44:723,45.5842
16:26:44:743,45.746
16:26:44:765,45.9642
16:26:44:783,46.2048
16:26:44:804,46.4766
16:26:44:825,46.5496
16:26:44:843,46.729
16:26:44:863,46.6112
16:26:44:883,46.4666
16:26:44:904,46.5279
16:26:44:923,46.4143
16:26:44:943,46.684
16:26:44:963,46.4567
16:26:44:983,47.0957
16:26:45:004,47.045
16:26:45:023,47.4036
16:26:45:043,47.5641
16:26:45:063,47.7823
16:26:45:083,47.7843
16:26:45:103,48.1723
16:26:45:123,48.1321
16:26:45:143,48.0435
16:26:45:163,48.1795
16:26:45:185,48.3566
16:26:45:203,48.2011
16:26:45:223,48.4283
16:26:45:243,48.6268
16:26:45:263,48.6758
16:26:45:284,48.9909
16:26:45:303,49.1727
16:26:45:323,49.8294
16:26:45:343,50.0829
16:26:45:363,50.3408
16:26:45:385,50.6081
16:26:45:403,50.4034
16:26:45:423,50.4478
16:26:45:448,50.1233
16:26:45:465,49.9564
16:26:45:483,49.7789
16:26:45:503,49.775
16:26:45:523,49.5598
16:26:45:543,49.4397
16:26:45:565,49.2583
16:26:45:585,49.1084
16:26:45:603,48.7124
16:26:45:623,48.6946
16:26:45:643,48.735
16:26:45:664,48.6147
16:26:45:683,48.7416
16:26:45:703,48.7215
16:26:45:723,48.8939
16:26:45:743,49.1849
16:26:45:764,49.6875
16:26:45:783,50.1677
16:26:45:803,50.7962
16:26:45:823,50.8139
16:26:45:843,51.1104
16:26:45:864,50.9259
16:26:45:883,50.7119
16:26:45:903,50.8637
16:26:45:922,50.8651
16:26:45:945,51.0697
16:26:45:964,51.22
16:26:45:983,51.2202
16:26:46:003,51.1933
16:26:46:023,51.0406
16:26:46:044,50.8338
16:26:46:063,50.7341
16:26:46:083,50.5591
16:26:46:103,50.4235
16:26:46:123,50.3372
16:26:46:143,50.6904
16:26:46:164,50.5454
16:26:46:183,50.665
16:26:46:202,50.6867
16:26:46:222,50.6524
16:26:46:243,50.9625
16:26:46:264,51.0211
16:26:46:283,51.076
16:26:46:303,51.1212
16:26:46:325,51.3153
16:26:46:343,51.332
16:26:46:364,51.0994
16:26:46:383,51.1997
16:26:46:403,51.2456
16:26:46:425,51.0586
16:26:46:443,50.8579
16:26:46:464,50.3979
16:26:46:483,50.1384
16:26:46:503,49.7467
16:26:46:524,49.5997
16:26:46:543,49.6304
16:26:46:563,49.7391
16:26:46:583,49.751
16:26:46:603,49.9518
16:26:46:624,50.0497
16:26:46:644,50.1737
16:26:46:663,49.8169
16:26:46:682,50.2482
16:26:46:703,50.4555
16:26:46:723,50.3543
16:26:46:743,50.7539
16:26:46:763,50.6819
16:26:46:783,50.7602
16:26:46:804,50.8891
16:26:46:823,50.5846
16:26:46:843,50.6262
16:26:46:864,50.4449
16:26:46:883,50.2124
16:26:46:905,49.9016
16:26:46:924,49.9962
16:26:46:943,49.6978
16:26:46:963,49.7063
16:26:46:983,49.8919
16:26:47:003,49.8954
16:26:47:023,49.9151
16:26:47:043,50.4288
16:26:47:064,50.5089
16:26:47:083,50.3493
16:26:47:103,50.1167
16:26:47:123,50.1458
16:26:47:143,50.0308
16:26:47:163,50.1169
16:26:47:185,50.4072
16:26:47:203,50.3843
16:26:47:223,50.4704
16:26:47:243,50.5129
16:26:47:263,50.8082
16:26:47:283,50.6978
16:26:47:303,50.9319
16:26:47:323,50.9714
16:26:47:343,50.8478
16:26:47:364,50.8212
16:26:47:383,50.6917
16:26:47:403,50.4143
16:26:47:423,50.3847
16:26:47:457,50.3938
16:26:47:468,50.5033
16:26:47:483,50.8044
16:26:47:504,50.3032
16:26:47:523,50.0477
16:26:47:542,49.842
16:26:47:566,49.6955
16:26:47:583,49.7071
16:26:47:603,49.8423
16:26:47:623,50.0051
16:26:47:643,50.0978
16:26:47:664,50.4701
16:26:47:683,50.5305
16:26:47:703,50.8041
16:26:47:723,51.0599
16:26:47:743,51.1722
16:26:47:763,51.6122
16:26:47:783,51.9039
16:26:47:803,52.3804
16:26:47:823,52.5662
16:26:47:843,52.6494
16:26:47:863,53.1478
16:26:47:883,53.6846
16:26:47:903,53.7332
16:26:47:923,53.9563
16:26:47:943,53.5604
16:26:47:964,53.2097
16:26:47:983,52.7661
16:26:48:003,52.5588
16:26:48:024,52.4476
16:26:48:045,52.6374
16:26:48:063,52.7717
16:26:48:083,53.1393
16:26:48:103,53.0592
16:26:48:123,52.9367
16:26:48:144,53.162
16:26:48:164,53.2215
16:26:48:183,53.4036
16:26:48:203,53.8774
16:26:48:223,53.8135
16:26:48:244,53.8079
16:26:48:264,54.0928
16:26:48:283,54.1589
16:26:48:303,54.3741
16:26:48:326,54.8604
16:26:48:343,54.8124
16:26:48:364,54.8594
16:26:48:383,54.8311
16:26:48:404,54.3445
16:26:48:425,54.0605
16:26:48:443,53.5644
16:26:48:464,53.2024
16:26:48:483,52.9013
16:26:48:503,52.5716
16:26:48:524,52.6665
16:26:48:543,52.1873
16:26:48:563,52.5693
16:26:48:583,52.5846
16:26:48:603,52.7342
16:26:48:623,53.0566
16:26:48:644,53.1931
16:26:48:663,53.1397
16:26:48:683,53.0902
16:26:48:703,53.0887
16:26:48:723,53.1681
16:26:48:743,53.3219
16:26:48:763,53.4673
16:26:48:783,53.8127
16:26:48:804,53.5841
16:26:48:824,53.5642
16:26:48:843,53.6939
16:26:48:863,53.8394
16:26:48:883,53.5206
16:26:48:904,53.5053
16:26:48:923,52.8774
16:26:48:943,52.4608
16:26:48:964,52.1953
16:26:48:983,52.1939
16:26:49:004,52.0278
16:26:49:023,52.1075
16:26:49:043,51.7644
16:26:49:064,51.7757
16:26:49:086,51.774
16:26:49:104,51.8955
16:26:49:123,51.6913
16:26:49:143,51.9535
16:26:49:164,51.9992
16:26:49:185,52.0269
16:26:49:203,51.9545
16:26:49:223,52.4801
16:26:49:243,52.6721
16:26:49:263,52.9136
16:26:49:284,53.1185
16:26:49:303,52.9155
16:26:49:323,52.7897
16:26:49:343,52.1112
16:26:49:363,51.797
16:26:49:384,51.6251
16:26:49:403,51.6812
16:26:49:423,51.5023
16:26:49:443,51.5414
16:26:49:481,51.5251
16:26:49:483,51.6234
16:26:49:503,51.8628
16:26:49:523,51.9746
16:26:49:543,51.7808
16:26:49:565,51.3757
16:26:49:583,51.1419
16:26:49:603,50.6029
16:26:49:623,50.1899
16:26:49:643,50.3182
16:26:49:665,50.317
16:26:49:684,50.3399
16:26:49:705,50.4358
16:26:49:723,50.5837
16:26:49:744,50.5409
16:26:49:766,50.5905
16:26:49:783,50.6249
16:26:49:803,50.8101
16:26:49:823,50.9649
16:26:49:843,51.1631
16:26:49:863,51.5056
16:26:49:883,51.3904
16:26:49:903,51.3554
16:26:49:923,50.771
16:26:49:946,50.1747
16:26:49:964,49.8379
16:26:49:983,49.4211
16:26:50:003,49.0794
16:26:50:023,49.0649
16:26:50:044,48.82
16:26:50:064,48.9491
16:26:50:083,48.849
16:26:50:103,48.921
16:26:50:123,48.7635
16:26:50:144,48.7167
16:26:50:164,48.8628
16:26:50:183,48.9972
16:26:50:203,49.0004
16:26:50:223,48.9629
16:26:50:243,49.1508
16:26:50:264,48.7444
16:26:50:283,48.329
16:26:50:303,48.4981
16:26:50:326,48.1368
16:26:50:343,48.044
16:26:50:364,48.0019
16:26:50:383,47.9215
16:26:50:403,47.6103
16:26:50:425,47.5717
16:26:50:443,47.391
16:26:50:463,47.2449
16:26:50:483,47.3447
16:26:50:503,47.4232
16:26:50:525,47.3597
16:26:50:543,47.4949
16:26:50:563,47.537
16:26:50:583,47.8258
16:26:50:603,47.937
16:26:50:624,47.9061
16:26:50:643,47.811
16:26:50:663,47.6234
16:26:50:683,47.554
16:26:50:703,47.8504
16:26:50:723,47.7825
16:26:50:743,47.8989
16:26:50:763,48.0037
16:26:50:783,47.9191
16:26:50:805,47.9209
16:26:50:823,47.8541
16:26:50:843,47.9191
16:26:50:864,47.7225
16:26:50:883,47.501
16:26:50:904,47.6364
16:26:50:923,47.4039
16:26:50:943,47.0932
16:26:50:964,46.5881
16:26:50:983,45.8767
16:26:51:004,45.4992
16:26:51:023,44.9271
16:26:51:043,44.9926
16:26:51:064,44.8142
16:26:51:086,45.106
16:26:51:103,45.3454
16:26:51:124,45.4429
16:26:51:143,45.2363
16:26:51:163,45.0315
16:26:51:185,44.8662
16:26:51:203,44.5201
16:26:51:223,44.6877
16:26:51:243,44.8226
16:26:51:263,44.8644
16:26:51:285,45.1356
16:26:51:303,45.1574
16:26:51:323,45.4487
16:26:51:343,45.5663
16:26:51:364,45.7949
16:26:51:384,45.9688
16:26:51:403,45.9973
16:26:51:424,45.9076
16:26:51:443,45.9104
16:26:51:467,45.476
16:26:51:500,45.1785
16:26:51:507,45.0372
16:26:51:523,45.0072
16:26:51:543,44.9664
16:26:51:564,44.8979
16:26:51:583,44.8725
16:26:51:603,44.6225
16:26:51:623,44.6361
16:26:51:643,44.797
16:26:51:664,44.6561
16:26:51:684,44.8283
16:26:51:703,44.7783
16:26:51:723,44.6474
16:26:51:744,44.477
16:26:51:765,45.0637
16:26:51:783,45.2532
16:26:51:803,45.3915
16:26:51:823,45.7606
16:26:51:846,45.4928
16:26:51:864,45.2823
16:26:51:883,45.2766
16:26:51:903,45.0577
16:26:51:923,44.9833
16:26:51:945,45.1821
16:26:51:964,44.7555
16:26:51:983,44.5082
16:26:52:003,44.3744
16:26:52:023,44.0342
16:26:52:044,44.1
16:26:52:063,43.864
16:26:52:083,43.522
16:26:52:103,43.5374
16:26:52:123,43.1171
16:26:52:145,43.0946
16:26:52:163,43.287
16:26:52:182,43.1533
16:26:52:203,43.4263
