w_topo,w_time,w_signal,w_curr,FAR
0.11685345953444794,0.27939475595920704,0.1696492719362419,0.43410251257010307,4.582284019779732
0.19571645637357316,0.1521245466544534,0.49267378266902734,0.1594852143029461,4.670837801476466
0.2532796829639936,0.024671614175837353,0.2976542438176924,0.4243944590424767,4.1407245274911055
0.27433877137794715,0.2342389202501009,0.02384499960822717,0.4675773087637248,4.712896721605359
0.3374677201693837,0.40827258289734436,0.19829374749752807,0.055965949435744,4.4974894108966295
0.09536732710161533,0.7006551619055216,0.1487560024201341,0.055221508572729165,6.453162720800728
0.20458268768535418,0.43866978592857114,0.013989491669620267,0.3427580347164544,4.880674257075277
0.06562075803133682,0.3266956261560044,0.5558653239743417,0.05181829183831722,5.479569955973435
0.5198048668331265,0.10702790958248187,0.35120016621689204,0.02196705736749953,4.944332137503596
0.3654985229923896,0.02997703003719226,0.5080996078780998,0.09642483909231835,5.423546991402413
0.00903988494798631,0.0968630082693042,0.2638244765752288,0.6302726302074806,4.9015995683206715
0.8521080751822999,0.07641472539942275,0.03681335017864716,0.03466384923963012,6.055445024735235
0.1782043407521281,0.6759962064584426,0.09651305257128787,0.04928640021814161,6.491177022296397
0.3446531122995905,0.23189898093215122,0.09687146161782378,0.32657644515043466,5.7024290143295335
0.042603993939944254,0.19904500446133847,0.5151233108599772,0.2432276907387401,5.208485437032287
0.010970530086715547,0.22207492644986046,0.22239505548046798,0.5445594879829561,5.3526858303998335
0.4354140682823921,0.011629008819631545,0.11264985895154758,0.4403070639464287,4.974818224938217
0.43168879281849587,0.00707485295942618,0.5565066968702194,0.004729657351858361,5.248810274930753
0.3639492439358967,0.14612601943889558,0.06262277185428072,0.4273019647709269,4.38943201611156
0.06958314651383787,0.1648823979315351,0.4565255207096958,0.30900893484493114,4.787359108479785
0.2765159598682849,0.10215770446563657,0.5242249826733407,0.09710135299273771,4.4269323010429
0.037355305704666934,0.6198985557475235,0.30743682861558097,0.035309309932228514,6.271545328185771
0.03747779840404974,0.08240779558474433,0.2055118030821667,0.6746026029290393,5.276005416888629
0.18699266549619747,0.2505223231142219,0.42037801735929436,0.14210699403028634,3.9266815165022626
0.25389514277046077,0.38140768160734606,0.05381054694552127,0.31088662867667183,4.67557147068761
0.18197024595214323,0.06170453812832379,0.6694029553084088,0.08692226061112421,5.836340835812418
0.6051891757408597,0.0693726717902656,0.2061228571590602,0.1193152953098145,4.185318674329777
0.4138684698645253,0.1366310267348535,0.22809309753759108,0.22140740586303023,5.71052899256215
0.5907445838881727,0.13745979035044248,0.22650570230970707,0.04528992345167783,5.433410113319187
0.5887762008287731,0.20286538963167292,0.14684566695467502,0.061512742584878786,4.288656902323377
0.11824745778564816,0.47156858153290726,0.12566762325185551,0.28451633742958904,4.6488332184281544
0.42044450790408966,0.12512111279340507,0.18143919345640255,0.27299518584610255,4.4008177698393665
0.1440437368985624,0.5052314651464371,0.32816954492830164,0.022555253026698887,5.526429834643075
0.22290906166868305,0.13890444692304982,0.19327880296203967,0.4449076884462276,4.271788132412094
0.00434365116015911,0.6411652729337807,0.029452579864122003,0.3250384960419382,6.112644158807243
0.3623078072986767,0.23201330642222276,0.15504999187161517,0.2506288944074854,4.40896957466287
0.11334215711363926,0.21956637636697302,0.08668587126635226,0.5804055952530355,5.060788039714706
0.06736465263872923,0.20616330235698155,0.3520196606080391,0.37445238439625,4.22407213775395
0.005803544279780354,0.33437439941309866,0.635330122387757,0.024491933919363898,5.994380160380921
0.07465388404477111,0.030433215987193694,0.7865778340331975,0.10833506593483765,6.120954664889213
0.3926150873553153,0.12946148983556408,0.25739628996264,0.22052713284648048,4.537839032088944
0.01268738189627931,0.44975400054067544,0.32679525434546186,0.21076336321758332,4.986718650428953
0.20731643496738272,0.0029187290585613902,0.4410362226303915,0.34872861334366434,4.28823602556622
0.3368205806016774,0.507775524104195,0.016252208114728793,0.13915168717939874,4.80362396610844
0.026962690266217598,0.2022289686275085,0.4153830053791348,0.35542533572713914,4.785846067359156
0.07376077586950404,0.24101103971663462,0.1385494536177276,0.5466787307961337,4.479854426713193
0.4661757219706145,0.12414884954088352,0.27979593973683275,0.12987948875166905,4.512645017430764
0.28128523477810724,0.15541960048870196,0.4410620082721418,0.12223315646104879,4.265769985871307
0.18916274175831024,0.21918236163792884,0.10229995377837743,0.4893549428253835,4.359501504336188
0.4309657561152289,0.10311567492140657,0.0870894240393544,0.3788291449240101,4.043602950666108
0.05321702846395007,0.2576162320299505,0.295985134791582,0.39318160471451735,6.944832598144631
0.5030930183549795,0.2269322896394288,0.06664563504257599,0.20332905696301576,4.150774368874868
0.2147329610924542,0.22359259390688244,0.5316940072432077,0.029980437757455815,5.275074709782581
0.28835967717553435,0.36785565858306213,0.33205617023919864,0.01172849400220492,5.152190003815186
0.29704511007739953,0.07112984887286383,0.4648198304197488,0.1670052106299878,4.378450049589257
0.5122932835301792,0.280279299944601,0.02305261643413148,0.1843748000910884,4.422912981526045
0.4132551055955898,0.18048016597791144,0.09317667913655338,0.31308804928994527,4.464037571151566
0.5711513005121301,0.05267924942664836,0.29760416400508544,0.07856528605613618,4.708562532083725
0.7830723370894467,0.0909375185604218,0.11614368445359984,0.009846459896531734,5.298944096019482
0.1234421629651972,0.27700550419859377,0.054937304887926995,0.544615027948282,4.100570932560702
0.19168054944523452,0.19360713600998547,0.45273864342857856,0.16197367111620148,4.885429908521851
0.5685474462597969,0.2545880987593015,0.1057895271590288,0.07107492782187272,4.491131326752474
0.4738908534754962,0.199791951864113,0.031040161216271622,0.2952770334441191,3.9494729663061605
0.06937708184789443,0.6011790144530761,0.1092224195720927,0.22022148412693676,5.301754604110718
0.2132649202977156,0.06078434007994926,0.6846360410984278,0.04131469852390719,5.789423345126501
0.5180755874561336,0.1348844575567106,0.18524000217451697,0.16179995281263881,4.122817629076968
0.2217879635909302,0.399110116772773,0.061502748562849395,0.3175991710734474,4.798885195010086
0.1231624471025217,0.11737368253014568,0.647941123158511,0.11152274720882166,5.406507952765954
0.005249303206210307,0.11535053431190745,0.05657892452282515,0.8228212379590572,6.372310728143625
0.25616774795159214,0.508802723368977,0.1780802008458877,0.05694932783354303,5.498236681346164
0.22213519998883804,0.2615309548059551,0.32814355664868083,0.18819028855652603,4.403107435915268
0.0965190430399436,0.20723406533051789,0.5825166342472751,0.11373025738226332,5.320577876334233
0.19346174497219268,0.3526754717121994,0.14440244114847023,0.3094603421671377,4.95750611229834
0.4612389323711576,0.2561532956082375,0.20007447023346084,0.08253330178714412,4.096335741069122
0.0454165860307726,0.5491084007158009,0.36279452794619355,0.04268048530723315,6.142558855350815
0.18364513020742318,0.6885117522564417,0.1100576970506317,0.0177854204855034,6.843400242643896
0.2971873067122583,0.052457815214058706,0.593556953200091,0.05679792487359191,4.569106781328105
0.2569527794904195,0.0972153966902322,0.3428825188266364,0.3029493049927121,4.121046279911641
0.3534912298861201,0.31615297683294796,0.20745231021652916,0.12290348306440288,4.171886666678814
0.0289581964875865,0.23886287245091392,0.37743114324251,0.3547477878189895,4.786183125921982
0.2257017203642401,0.3607576774656611,0.1308188418430598,0.2827217603270389,3.774967096616065
0.22264466458499008,0.6954700880110911,0.048659885330268604,0.03322536207365014,6.362889779719188
0.07931438602899758,0.6000920820845089,0.19457971361336918,0.12601381827312444,5.144848619101005
0.0697638731513133,0.3133667884658093,0.3091121687884708,0.30775716959440647,4.1028166130796695
0.30171753370910653,0.3755246441941855,0.22720525533611446,0.09555256676059352,4.605886680864388
0.1473528399992025,0.05594679363337452,0.0391126434658648,0.7575877229015581,5.4804387718195535
0.1023694791379683,0.19018464808184918,0.17186774517051148,0.5355781276096709,4.628465230984456
0.7522794780660972,0.029630527182934997,0.2122465345676582,0.005843460183309635,5.310049542769695
0.5556960001607494,0.3804331774907426,0.008070289210931931,0.0558005331375761,4.721601554509143
0.3631824041910285,0.005464536869585992,0.6122444843256363,0.01910857461374939,5.675844796494795
0.3844883726886689,0.1552428599192592,0.23276599101796064,0.22750277637411112,4.403537464491116
0.09938802588423551,0.23680307660193223,0.2574957040747577,0.40631319343907446,4.724342612222104
0.4742929288443087,0.449478680596718,0.021589728670033604,0.054638661888939816,4.904375957208757
0.09088158071049886,0.47073703397476485,0.2734898650081722,0.16489152030656404,4.8621134251163625
0.10590723824169289,0.7422027008676532,0.024595455343561005,0.12729460554709307,7.309798718841025
0.48902095866604467,0.0016739721141839515,0.21054612445741325,0.29875894476235815,4.273561510146534
0.4050096685487759,0.18085654146800842,0.18133187214114282,0.2328019178420729,4.376667605718129
0.01366454135724332,0.18898345425984273,0.46070641399254725,0.33664559039036684,4.929340337084104
0.1787890014210029,0.458636254556372,0.18927714326926642,0.17329760075335865,4.711837835951753
0.12038044277617979,0.3788120221825392,0.42438144341448697,0.07642609162679406,4.679950683179163
0.3573794311764799,0.12374009042489463,0.12021736057293808,0.3986631178256875,4.059020048937998
0.5120170152682664,0.44819364413280854,0.03344105995943109,0.006348280639493915,5.135741780778519
0.7464207811107868,0.06363057108947913,0.08085982260876852,0.10908882519096566,4.748229312812278
0.04901320927421971,0.20813087491285132,0.2229216359106713,0.5199342799022578,4.820357070257001
0.19116058627638585,0.36334228638457483,0.26853463735139976,0.1769624899876395,4.4285586797923315
0.18430409962759822,0.04062476627746251,0.34388882346408245,0.4311823106308568,4.055810172824363
0.2805749180674427,0.469349220478942,0.0047238220975178965,0.2453520393560974,4.483462728779441
0.03578406224067258,0.8239211586856828,0.028217213530024234,0.11207756554362051,7.654788338724002
0.25819515526825737,0.3538995499872268,0.3663769860659998,0.021528308678516118,4.843828006557646
0.07417849985652351,0.10146376371993075,0.08850363282605761,0.7358541035974883,5.407456304975649
0.013326738791279956,0.18095052136502174,0.6978373951379885,0.10788534470570973,5.553746453942556
0.21967058670880113,0.011078959595110956,0.26199274281072576,0.5072577108853621,4.757210656029778
0.3865200885946784,0.3998462738784002,0.045482283786654525,0.1681513537402668,4.6094449677555005
0.30423550335150346,0.15070577728004977,0.06999825226278043,0.4750604671056663,4.594046532198237
0.09730515690350838,0.36405918755115835,0.4551563489267955,0.08347930661853782,4.780580609950552
0.055087563292794274,0.029845832366694015,0.3245717034254952,0.5904949009150164,4.657383519957551
0.031247784794975995,0.8740335179834597,0.027410627184595342,0.06730807003696897,8.2
0.24308552513566087,0.3583507128922596,0.3327372042430299,0.06582655772904973,3.9171915544358384
0.31625866032847916,0.07343900509803934,0.34209653026010534,0.26820580431337615,4.0278225009845805
0.1370297584435305,0.3246396918265757,0.10514240842515689,0.433188141304737,4.177060679389586
0.13377968795554615,0.35923846503231616,0.4344770773370462,0.07250476967509148,5.317542086075513
0.6979827845823534,0.042521540474821096,0.09972668056765088,0.15976899437517456,4.831840633035196
0.1943886907994215,0.43280516523749896,0.22097061644781557,0.15183552751526405,4.789220066852819
0.07623970414451957,0.17452623680709853,0.5077887053799,0.24144535366848208,4.562181962137839
0.021653783436528965,0.3876281930364717,0.03616102631498563,0.5545569972120137,5.6245133492626405
0.3386776544523309,0.07233234180852863,0.09287376951169468,0.49611623422744566,4.33385001435423
0.41777124149534606,0.4204036249973601,0.027823658994299564,0.13400147451299424,5.253255762163769
0.2902890869844207,0.15104629129221817,0.11575123458732331,0.44291338713603784,3.9168593082978003
0.5360505074605598,0.17631550063069334,0.0856845025152734,0.20194948939347343,4.085093059517878
0.374208583573483,0.45167967269142034,0.027538140494510515,0.14657360324058616,4.625081256315719
0.21769662461787773,0.602215793692322,0.12832035157487992,0.051767230114920286,7.0394093931744095
0.4074051854827779,0.05343289504868896,0.007619388207848371,0.5315425312606848,4.660414525842891
0.011339684542910051,0.3615949633548054,0.015503196415175209,0.6115621556871095,5.105925305081419
0.2005068350086178,0.4599496779470718,0.05653557398409601,0.2830079130602145,5.091869537720651
0.11852412244009446,0.10634805127337618,0.47598915204456804,0.2991386742419613,4.721053361167446
0.5232395829997212,0.21806241344376018,0.18431366497175763,0.074384338584761,4.404701998710609
0.39038434558394774,0.21659656668604854,0.20046594482311444,0.19255314290688916,3.5933637124620836
0.10448562273577444,0.7180664180828017,0.1535365376294238,0.023911421552000097,6.935649081048092
0.3785378198546153,0.492007917722124,0.08006357539983087,0.04939068702342972,4.56095265141359
0.44362451652184415,0.4263055048540541,0.10286731596666038,0.0272026626574414,4.839115301492723
0.5754606881443328,0.13983477922898183,0.04520727397154124,0.23949725865514424,3.8274539228610567
0.2531227708381779,0.5731024087378895,0.14952673643455133,0.024248083989381396,5.586914140665961
0.3487703796513041,0.3532483833585258,0.2534115520211842,0.04456968496898574,4.923230047875478
0.22110506398324348,0.23361542578041328,0.12266099054752014,0.4226185196888232,4.567985830008447
0.10352439656649746,0.1174628637711091,0.740296184079379,0.03871655558301459,5.936332610005796
0.009826416052901887,0.45774295149107597,0.09694757499954927,0.4354830574564727,5.43254305451908
0.39707776848741505,0.20860271927830132,0.22143224603339237,0.17288726620089126,5.323920893128506
0.36796237144314153,0.2130887188917106,0.2231531022673075,0.19579580739784042,4.046122544733647
0.5604962294828559,0.12316296562597802,0.11739619497106062,0.19894460992010543,4.838264085422217
0.4549149874580615,0.17729723330501462,0.13225821512948477,0.23552956410743925,5.093411925683952
0.11193935882454768,0.17430777543628329,0.6304097681571391,0.08334309758202997,5.4689092032061986
0.017767683047138105,0.29098876062826684,0.013015087316516618,0.6782284690080783,6.013656195365571
0.21063369511851213,0.5072152691395987,0.008621091352282489,0.27352994438960665,4.9717338913748765
0.08642252853802807,0.542326158310195,0.35257222735301175,0.018679085798765236,5.220276556361326
0.2059647881507966,0.20155521157980366,0.007177943525852964,0.5853020567435469,5.085739021890877
0.394800959766708,0.2604334367983454,0.32694100411019283,0.01782459932475374,4.335073356380245
0.10228831699122129,0.3230576145097124,0.22531961128603428,0.3493344572130322,4.383307273920858
0.1279171389949215,0.5263633125290149,0.2292412131907869,0.11647833528527671,4.917792812926573
0.2477675190344476,0.23985499503528815,0.3277680236690474,0.18460946226121688,4.1039079345333604
0.09504046504672715,0.18627493601634504,0.5599353448187492,0.15874925411817867,5.773586913588252
0.3793640864322776,0.2849992796860392,0.17552104194795037,0.1601155919337329,4.417069890113135
0.2494467470252678,0.1230590236510331,0.5883190010351697,0.03917522828852934,4.698113640065534
0.5718538089453284,0.11843126501414285,0.28063950667722876,0.029075419363299753,4.641806493517694
0.1466383217398587,0.3986081134116623,0.3505197028133251,0.10423386203515402,4.855594307890854
0.2537831565825278,0.3946468665465715,0.2808712765036532,0.07069870036724765,5.014037129157129
0.4589561167126531,0.09312069786583857,0.11752777328046936,0.3303954121410389,4.253684479450657
0.4360559658230968,0.03927611448750739,0.19962340298207115,0.3250445167073246,4.0400478608005335
0.38897100654998523,0.1845986874835315,0.045827885511035484,0.3806024204554479,3.40062780003763
0.19828945563183778,0.49195461490104403,0.04494688579178015,0.2648090436753382,4.546388062388319
0.0031677171320287044,0.7159516056561535,0.09073274550469553,0.19014793170712235,7.145699791952179
0.2559850850393837,0.4940331567641811,0.1754457313230961,0.07453602687333917,5.206372798628641
0.290567786392456,0.17292536482376594,0.05077935596350829,0.4857274928202696,4.681287432335351
0.11361939483899273,0.08634821597221752,0.3619733748126622,0.4380590143761276,4.429146141001492
0.05435714138806412,0.609908599641076,0.27507927072744515,0.0606549882434147,6.027191620417314
0.0810953256134741,0.24491816222330848,0.3679128207414403,0.306073691421777,4.506570203339397
0.502419908454074,0.19661686207079876,0.24714480964132432,0.053818419833802894,4.435667318012768
0.571668128169743,0.011320831779521399,0.4004874763633768,0.016523563687358817,4.596955351141582
0.8109550772712708,0.09813185985438025,0.07190244147535077,0.01901062139899823,7.2068619276131285
0.3598836494393392,0.3232232156855247,0.26682713944709546,0.050065995428040584,4.875110383365596
0.0018395251125449279,0.4329968431691683,0.27677786322166037,0.28838576849662645,6.1589150120688965
0.1254792573581466,0.20966937640330863,0.4747706540761035,0.19008071216244113,4.7198580266720045
0.3918198021254386,0.2901336578849765,0.1164202686870651,0.2016262713025198,4.118690422071227
0.08823680718493587,0.1757746957370018,0.13467594053546345,0.601312556542599,4.289098795987231
0.037764478941056334,0.43347288068177653,0.003700603910602079,0.525062036466565,5.047328948814281
0.019782962060218505,0.24471415490060774,0.25765921016591115,0.4778436728732626,4.360051632584982
0.23345213743889545,0.5426846184779357,0.11760979692620029,0.10625344715696838,4.855715429418349
0.1619336944773905,0.3220393151675324,0.3813913855411995,0.13463560481387749,4.777878961786551
0.49340798951858555,0.26579663613530297,0.051315228958138386,0.18948014538797303,3.7445717459009
0.16763344542830733,0.5931914392433428,0.10223012004713453,0.13694499528121518,5.432461501145566
0.005647526653403661,0.349537652226184,0.4876131570960594,0.157201664024353,5.186058310365236
0.7672128570060072,0.040982390552470604,0.05225017869821056,0.13955457374331162,4.992677965159973
0.0632186218653071,0.4199903789459589,0.1938420494645184,0.32294894972421556,6.672533275974104
0.03490016263138088,0.5952577663147053,0.01178538240969903,0.3580566886442148,5.830710476981392
0.006550806155653744,0.40055798477093857,0.2810032235178487,0.3118879855555589,4.9623359797984214
0.27495010713703355,0.3049604515847653,0.02846292602870894,0.39162651524949227,4.302468965122657
0.24767256484678907,0.4821648287568969,0.002201686038455554,0.26796092035785835,5.296357055287379
0.2329972810522783,0.32544208717375916,0.06589924430382796,0.3756613874701346,4.738252622599507
0.2696397315837901,0.07960809775076286,0.09534394358548484,0.5554082270799621,4.530421305991971
0.34276261080463694,0.15904876383856656,0.3100838818928152,0.1881047434639813,4.584190972993711
0.10692548371387178,0.12322059452751409,0.21504560172737558,0.5548083200312384,4.812040974100223
0.1503945644310977,0.5866611335100875,0.11620311232153842,0.14674118973727646,5.395225956130837
0.3260795654451232,0.036625394575881744,0.01885738221416629,0.6184376577648287,4.082797403915035
0.02236734418052858,0.2065893888021714,0.4416354354437262,0.32940783157357384,4.401013801980402
0.8515375105040359,0.0638719660837104,0.08350807204308551,0.001082451369168252,6.208064280426691
0.0996569778105898,0.30025537808515235,0.19005606970232508,0.41003157440193283,4.488090356205811
0.30969432066511476,0.12632396487524164,0.43882502430042597,0.12515669015921765,4.523272862476415
0.38329465410613356,0.2903570695314463,0.1155400387827122,0.21080823757970796,3.9363569829730034
0.03907376822010625,0.0823238547728643,0.6857323985079257,0.19286997849910378,5.988343626765614
0.05678264609875817,0.45726218865208434,0.15929228397245165,0.32666288127670573,4.984997534749158
0.2681124266018343,0.20509796634158683,0.13025848947155033,0.39653111758502857,3.972594486771763
0.2397123180276991,0.5022912400415799,0.13770427735501017,0.12029216457571087,5.193629597395378
0.02268878403570461,0.26048509266421016,0.4070533461483506,0.3097727771517347,5.602340916459325
0.059891835973225956,0.02506977441743452,0.2484842830014988,0.6665541066078406,5.163889949702995
0.22085145342824802,0.2555229645027622,0.09872012284434842,0.42490545922464135,5.463195967930522
0.5152507743777704,0.08471370322853757,0.0603924184805512,0.33964310391314073,4.568318620087312
0.4862543981432457,0.31062190077887,0.1373403648402351,0.06578333623764904,4.661462842620715
0.3751542409032271,0.1532161886854828,0.11107540679529002,0.36055416361600007,4.631831965139013
0.1911769732870381,0.5390351605019895,0.1846111201818664,0.08517674602910605,5.692104500165877
0.230371738106275,0.281192402062978,0.24749091974466983,0.24094494008607711,4.1128233505013565
0.3471535971663215,0.005740858061970098,0.24414434288992443,0.402961201881784,3.9570526679312716
0.19367664770350804,0.15808197594335333,0.21210773487586232,0.4361336414772763,4.048319024783356
0.29472187111945725,0.16555487926176454,0.44382542565462274,0.09589782396415546,4.883196835793758
0.6297092786278571,0.1815299818560788,0.15500717535078878,0.03375356416527519,4.468450756868208
0.12930539696522614,0.29646336231081494,0.4968544432046037,0.07737679751935522,5.0073789234355175
0.2684722975762544,0.1419878818292392,0.4766195002163106,0.11292032037819583,4.487952547085742
0.0014291711512664114,0.37633231170803,0.13424477914860986,0.4879937379920938,5.297089928603609
0.22556594637933092,0.3121180252319107,0.29931093800752717,0.16300509038123115,4.572959173320414
0.17516034135922198,0.06677765301717681,0.6912486644874103,0.06681334113619095,5.264308298399931
0.1869646073561734,0.09978562901587369,0.5464295195176557,0.16682024411029722,5.533130529291018
0.2609523774694883,0.25855464302047376,0.17683174787913863,0.3036612316308993,4.461360250874005
0.04431748673823663,0.08448751972016012,0.7216465641223344,0.1495484294192689,5.410553101428299
0.5159974302678279,0.11395076264040147,0.05884904907054001,0.31120275802123054,3.9944700369896196
0.06813928088969891,0.09134942783158229,0.5894559971485964,0.2510552941301223,4.7375373901927205
0.052952622094110585,0.4503838967672835,0.31768784801028505,0.17897563312832088,4.8135982323338675
0.15663314191483424,0.3382434673231532,0.12026514561183185,0.3848582451501807,4.195790799023321
0.23804715993328937,0.012234848419560549,0.21498140995059292,0.5347365816965572,4.9362752177123985
0.046337870019702826,0.7618775094900735,0.17011221580230276,0.02167240468792098,7.312438131780004
0.03812329984268816,0.7298497330399225,0.1313111439783352,0.10071582313905408,6.756796142225914
0.23495634024456363,0.05290419984027919,0.45445957386318064,0.25767988605197656,3.9894429931001003
0.7017268034526821,0.1589840551100605,0.13382947564982778,0.005459665787429744,4.805160769116389
0.2218410459765942,0.22966849439515866,0.5046373078173859,0.04385315181086125,5.056578466254498
0.31566099104883255,0.17981006299320954,0.41325082183951684,0.09127812411844109,4.781296131516121
0.2119414500073124,0.07145773803229902,0.5711535124197112,0.14544729954067728,4.616649279155534
0.23792472746700327,0.026280821229158816,0.4844559101709501,0.25133854113288784,4.076561669618606
0.5658519330191146,0.15742948915295737,0.2590563160761443,0.017662261751783623,5.128957168873702
0.5510168134086104,0.07687620262235054,0.2928255631143057,0.07928142085473334,4.124473058107883
0.5131539624157143,0.0030222639907836676,0.32646646063220713,0.15735731296129488,4.073327039667857
0.30156174796033175,0.2976859460422584,0.1481850389211861,0.2525672670762236,4.295766682068212
0.17329408954893893,0.10496759695672395,0.6468829055298437,0.07485540796449351,5.213897464181492
0.13885555027666735,0.11025249518301032,0.6479661347688427,0.10292581977147945,5.259519479441282
0.15201379176365068,0.3162345626177632,0.4376521111417924,0.09409953447679355,4.733623897146415
0.0465370218412609,0.2071853025807332,0.49617270525039725,0.25010497032760853,4.580464287870194
0.16386384270927162,0.07695638744149982,0.10289565267441175,0.6562841171748167,5.276506277641499
0.27595592994607504,0.35483796711413584,0.14822436561015076,0.22098173732963847,4.361130008680474
0.46356960491158594,0.20030111512672938,0.2606350490388482,0.07549423092283633,4.096336446959314
0.5307313021738986,0.41812805916984486,0.00819282160809023,0.042947817048166456,4.814091930728793
0.13602593674919933,0.009871582841728448,0.5978988241900565,0.2562036562190157,4.753911051582685
0.05175004999788901,0.2785538605161792,0.626128134291122,0.04356795519480976,5.691437164574657
0.057931366022128936,0.014740964530253607,0.11624848563652383,0.8110791838110938,5.997332060605305
0.12920104057133458,0.005321019846144106,0.5027528841363302,0.3627250554461911,4.954721797539773
0.02301483311161537,0.442920149078135,0.27685368020376977,0.2572113376064797,4.966545742152373
0.3325528680541033,0.4566765265679562,0.16623947494409874,0.044531130433841826,5.088060204724893
0.04115885362612904,0.23842509661486835,0.5182669075701377,0.20214914218886487,6.697272893211913
0.5039366917164337,0.14727332788841765,0.33099856659856797,0.01779141379658055,4.690535502038134
0.244496530106031,0.13647612991867067,0.21298097951159495,0.4060463604637035,3.9668145266481325
0.26556515581093804,0.17426863979810914,0.47163456657400893,0.08853163781694388,4.620140424061143
0.15247551789121735,0.22193887723770173,0.5754719258607623,0.050113679010318775,4.829524475228872
0.3468723698633909,0.2357038116588042,0.0179425647275864,0.3994812537502185,4.213001125799125
0.057078748115482934,0.5791256787290586,0.3536801573378025,0.010115415817655845,5.865661937995375
0.19831699187661794,0.1347897018381024,0.21953568305857069,0.447357623226709,4.321916673952166
0.2350265544771807,0.47557559811105604,0.021324260950416177,0.2680735864613471,4.862067146538711
0.09690890955832995,0.047264510763862164,0.41242286145743684,0.44340371822037117,4.8180774045673145
0.47193676899383047,0.44565838804136054,0.08204690026604738,0.00035794269876149906,5.330747577942757
0.07354565483694638,0.12629574080693318,0.25947248887246044,0.54068611548366,4.657476284723684
0.5305806556065388,0.18210702294392261,0.07490768625999408,0.2124046351895446,4.4550169930876145
0.14161683621321358,0.2643386777275296,0.1915587199095749,0.4024857661496819,4.645682461120103
0.1643515046609736,0.5447431069510476,0.26311965971892237,0.027785728669056587,5.424869803483091
0.08651629010936034,0.09975575914466109,0.7669323142933944,0.046795636452584284,5.809502175894778
0.09487378955172254,0.5552277758908608,0.2811045719792404,0.06879386257817637,5.146831956037574
0.17099010948785828,0.35455180553440996,0.23763724787611906,0.2368208371016127,4.534827516012709
0.22816989740747837,0.28355419507865,0.4109317415407222,0.0773441659731496,4.2178618046314575
0.14150698200684658,0.702044582806309,0.022753199191573956,0.13369523599527056,6.558324235926154
0.0318147512215415,0.24063019967373334,0.6588178413075576,0.06873720779716762,5.700712208015073
0.04786740161298511,0.24597384841314993,0.39311947401590125,0.31303927595796377,5.158603805702324
0.10211754325913729,0.04249323886472734,0.1676743157023245,0.6877149021738109,5.437727469659859
0.45938896877568025,0.08919696537920603,0.4278209224483503,0.023593143396763452,4.860840290740242
0.030850092497811902,0.07647833087911315,0.12638608502722173,0.7662854915958532,5.915362422004529
0.09435293828184525,0.04790643021100374,0.22997173730015164,0.6277688942069994,4.884620365379167
0.09214430253902985,0.2332102300357763,0.3816154816569722,0.2930299857682216,4.1648052898373695
0.19537889963701718,0.13172215268550455,0.20584479481888168,0.4670541528585965,4.459737844359395
0.12710428863470583,0.17708321299529867,0.5962909116820565,0.09952158668793899,5.591526707185139
0.24121222212451038,0.2776613634654796,0.4505704443485321,0.03055597006147789,5.455859589128526
0.5676244392401991,0.06739383312586242,0.013723595680936576,0.35125813195300193,5.383042584588676
0.12376623026212746,0.17040522798210175,0.5963901545419479,0.10943838721382299,5.08335567779894
0.27978923668597344,0.27737227854795937,0.0829910083934112,0.35984747637265607,3.517642320216205
0.7077372567719978,0.14668008551155776,0.08916900653921961,0.05641365117722492,4.485934070030479
0.03019458981731066,0.1451452580788873,0.17559637784311918,0.6490637742606828,6.354956387610088
0.16075846656378548,0.38373666217340296,0.34983740948619363,0.10566746177661786,4.804208177543947
0.039663080491713874,0.7185637525386152,0.19234235258167448,0.04943081438799668,6.4524496471008606
0.21425967422848416,0.1627495607670232,0.5822486567065642,0.04074210829792851,5.284436227075743
0.10435848743992326,0.7468419668138032,0.09232052949247972,0.05647901625379381,7.22643179198852
0.5234476184731094,0.2168683098734984,0.22392532732961065,0.03575874432378148,4.595556048867995
0.1226591680440018,0.0008769907722878572,0.8034812023946677,0.0729826387890427,5.676728218275022
0.10183930701670417,0.49740382427389557,0.25415630142688567,0.14660056728251464,5.25582354141893
0.09794326961185587,0.40117523378122655,0.15385665295037698,0.3470248436565405,4.714579526611024
0.0171410514231085,0.16507409562347794,0.47979713551821074,0.33798771743520273,5.181646695642336
0.2807622914505779,0.41238487424438086,0.055081938113900206,0.2517708961911409,4.871959140268958
0.02124905187309874,0.6478862866862893,0.07962355761207995,0.25124110382853193,6.256381639751541
0.004213368543185367,0.06734857034210232,0.41927291783262294,0.5091651432820894,5.211570035902219
0.033361726824478424,0.10238010145468023,0.47044449003567324,0.3938136816851681,4.908839848363479
0.2353328505717943,0.4996003886034217,0.18601289631384615,0.07905386451093797,5.185334977827825
0.047315195961675896,0.04563480732437912,0.552902359939107,0.35414763677483796,5.163052293547451
0.17943731047992162,0.07184686991561393,0.6584766295507182,0.09023919005374616,5.501432050409225
0.9077098474941842,0.00645496200443958,0.06652612262972381,0.019309067871652562,6.450009643289155
0.07963055808540492,0.3892192381621364,0.5045400418158692,0.026610161936589403,5.2431742606736105
0.13578749120823166,0.19271566351859706,0.4109221756946221,0.26057466957854913,5.0225059819359394
0.615998856516318,0.144161506812511,0.04332166854383508,0.19651796812733577,4.737433862421198
0.29843775913898396,0.17743094210821794,0.28854244256935213,0.23558885618344608,4.494390034233234
0.162112585226629,0.17409503013241767,0.37609204261008417,0.2877003420308691,4.559084715164376
0.009758107220384128,0.2682186638516401,0.7096069307103279,0.012416298217648034,6.167895896917618
0.0011895490725608927,0.05878283627067479,0.7837280384608706,0.15629957619589369,6.139935584303448
0.47981644968929843,0.21492615084159145,0.17595018051414774,0.12930721895496244,4.484779957717967
0.7311770192148656,0.00305321923825131,0.19659434789811886,0.0691754136487644,6.376022260252956
0.3328948618768417,0.1830243101582015,0.06654524178182389,0.417535586183133,4.077286837740894
0.09505722766537598,0.12546220985643655,0.5407137335793677,0.23876682889881964,4.45278588554497
0.06818705070094204,0.2810985486073955,0.26122261939438807,0.3894917812972744,4.903087542178425
0.4019105203809772,0.16870692035267443,0.055309082008574414,0.37407347725777385,4.49192999385142
0.24745852491758843,0.47388894878550547,0.11642663197212663,0.16222589432477946,4.609367055784926
0.2640795666353303,0.22504733232029317,0.21223893929726784,0.2986341617471089,4.437081040398144
0.10087151133626587,0.17719510270445923,0.564489376401194,0.15744400955808088,4.781950307922563
0.48803764117176734,0.27479481885452167,0.2029674488179529,0.03420009115575815,4.719933684705063
0.225031240211105,0.5711045585596248,0.11105262160457334,0.09281157962469685,5.422297803288614
0.06200366895274773,0.2840513885138714,0.4201000888042796,0.2338448537291011,4.843109751181404
0.28275262744148744,0.018579422382193445,0.40421606188479414,0.29445188829152497,4.392974178646364
0.41864402106478704,0.18952118213669708,0.2340098711661317,0.15782492563238407,4.286523510300469
0.08097715200818328,0.1907758758419222,0.48585479367247786,0.24239217847741673,4.772808825715161
0.6790492366295148,0.03142490862950883,0.12990593492884256,0.15961991981213394,4.335105775434042
0.17606448211552694,0.5055536766059079,0.03276844429688688,0.28561339698167815,5.205965065163212
0.059135118960440124,0.17487032252348703,0.1204857990306109,0.645508759485462,5.465408483571646
0.25311970131961287,0.12478715071245153,0.03343843923057663,0.5886547087373588,4.60056844652695
0.3965972927460248,0.038114247212294054,0.5640901553853831,0.0011983046562981186,5.166979608001024
0.22348404912349498,0.6237499130183426,0.04347083743086131,0.10929520042730115,5.75112116962678
0.1442642771649124,0.06267675815306964,0.43627536402436196,0.356783600657656,4.319626669711644
0.11440588608119698,0.15903219608943545,0.3396097178394086,0.386952199989959,4.784449049599328
0.5211357221555187,0.026064470113030664,0.028466443442797612,0.424333364288653,4.219321277305585
0.04530646817855822,0.2835920393548379,0.6523603116432429,0.018741180823361115,6.112578773341997
0.006214607632862338,0.10734014078087215,0.22306923617212715,0.6633760154141384,5.012976805728286
0.2566759335005465,0.41065813141855173,0.0728824090200816,0.2597835260608202,4.661242851969185
0.18032145431854865,0.6645174011231767,0.02332285624122481,0.13183828831704972,5.9093889224862455
0.19514725695182705,0.07996481156601812,0.29729756442327504,0.42759036705887965,4.718517731902898
0.12442963626171753,0.5010501298672057,0.009025027994485348,0.3654952058765915,5.463487044533668
0.8245917186018717,0.12891875596343372,0.015478261336940734,0.031011264097753784,5.885466865999613
0.4711432955105672,0.2836856848861284,0.23052588662801007,0.014645132975294252,4.8421972404042695
0.07826721292337012,0.007125149812603326,0.24505271695940012,0.6695549203046264,5.284785266389676
0.1304851386485299,0.5267172247483111,0.0838121127825519,0.25898552382060713,5.334394743880535
0.06929925762182722,0.4250057573734026,0.42593778778104646,0.07975719722372372,4.99128877346748
0.1529511520832428,0.18330345565181788,0.3283595571347549,0.33538583513018433,4.775699962141619
0.10248926037487008,0.7631952865139151,0.117536953023553,0.01677850008766162,7.445362741759532
0.08207582045594854,0.21898473067683863,0.5925022350988218,0.10643721376839096,5.385987616320914
0.4806998227415014,0.04756124134612153,0.06938831403410907,0.4023506218782679,4.677645146004469
0.06811909687731155,0.30438230305730635,0.5556376511261416,0.07186094893924035,5.330453706899757
0.27540509533235547,0.45492231452696785,0.2403773118685995,0.029295278272077147,4.800624537169821
0.25681660840269355,0.22603871677303533,0.39843201607748474,0.11871265874678649,4.6856519505707315
0.4564905174406913,0.1499239340372437,0.3286096954306968,0.06497585309136823,4.173139064636915
0.003286374665625807,0.26010664687775037,0.0874571663140653,0.6491498121425585,5.276459410749815
0.214392280523944,0.5812781295665368,0.03622581366666622,0.16810377624285303,5.1786460260788765
0.2951626289178599,0.6172063838208905,0.03662614268807314,0.05100484457317631,5.35333363589021
0.03936830043877117,0.18003061471931905,0.015561937484892341,0.7650391473570174,5.2863438515308765
0.0005094860115857792,0.18614680261641078,0.7956919690737269,0.017651742298276756,6.614590218437291
0.325513149883257,0.26225205091198284,0.24214603712097768,0.1700887620837824,4.750865982782538
0.3746180927804541,0.2667619350783093,0.014784499827420404,0.3438354723138162,3.420731632301992
0.1380177762805235,0.05623528023421543,0.196226073640294,0.6095208698449669,4.777877509008527
0.7104830250842951,0.10810445705075998,0.15767243873939896,0.023740079125546126,5.160628179212472
0.12725753747024005,0.13674678188449024,0.634629546298316,0.10136613434695384,5.9072471614510915
0.0646748817425853,0.3153850630107177,0.35740312430874915,0.26253693093794783,5.113189408110585
0.031183136775664616,0.14261132181381983,0.33428628137590866,0.4919192600346069,5.13788550443499
0.03437115648135268,0.010931417420080533,0.72314465463557,0.2315527714629967,5.847246199940639
0.28395040739687183,0.6026445227828857,0.03353262340239874,0.07987244641784373,5.475483824973472
0.008311021300024526,0.8654272455228542,0.037677650458411704,0.08858408271870948,8.2
0.09621845107512572,0.6915655218177997,0.12914568925685488,0.08307033785021968,6.364832644622974
0.18113727713697675,0.1394777899565563,0.6026797800533913,0.07670515285307569,5.519819814511546
0.034504263808661825,0.005045220599513883,0.9535001300871306,0.0069503855046935846,7.5394653276965045
0.1542234582909076,0.3845157638957071,0.2917151725509965,0.16954560526238882,4.107662421746341
0.3301917400036285,0.26968386667736793,0.3550184844817217,0.04510590883728184,3.937433660898874
0.14177778050498255,0.5145510396690114,0.05023516744140535,0.2934360123846009,4.829637576649594
0.3791181221901864,0.37160249793046407,0.16666301881905823,0.08261636106029127,5.635808477345254
0.39025146080838063,0.15407222643539295,0.4391033175356332,0.016572995220593086,4.8695054144096925
0.8274550012941114,0.06196565053193359,0.07551061340687079,0.03506873476708408,6.103677613773941
0.09241774588093125,0.5678038746914095,0.15153021147808116,0.18824816794957824,5.595807409128438
0.18075899240477614,0.7415088706400974,0.004312742298872352,0.07341939465625401,7.063525515020806
0.8113205391934298,0.12756160169742736,0.01687848159321362,0.04423937751592933,5.775626923406254
0.2776021683617018,0.24624436034193598,0.05077909906557557,0.4253743722307866,4.802319873089245
0.21395303515495145,0.22875332102196227,0.21456432560388786,0.3427293182191985,4.390915082442577
0.02938571165195323,0.30730787109746804,0.5128012387459217,0.15050517850465708,4.532718912691435
0.20242801857565243,0.2126270074185722,0.3175993051122044,0.26734566889357075,4.330273175435583
0.0026907201252941502,0.6156447498258832,0.004365955276811718,0.377298574772011,6.1193173343406295
0.40257450728047334,0.13509925745907952,0.14782694799373097,0.31449928726671633,4.257605471671967
0.1817501249777332,0.570427163908437,0.22678337363122003,0.021039337482609742,6.145795473901324
0.46667171683497116,0.24073983990618728,0.26602932032684506,0.026559122931996457,4.792953821309794
0.02971728960773462,0.9496859178051369,0.006887490527006238,0.013709302060122143,8.2
0.33426791642196146,0.26207495917214546,0.14897337838408264,0.25468374602181043,4.722761009020829
0.3628394748916476,0.0644804577677689,0.01755906962134879,0.5551209977192347,4.509614731375815
0.2528406857932368,0.15569179764188862,0.4974476048198692,0.09401991174500544,4.6791870379441205
0.2151706613670997,0.06748158576481969,0.10822411591768334,0.6091236369503974,4.832572151728076
0.28118665731520964,0.4471749151901291,0.24360318922502983,0.02803523826963145,5.127766925360669
0.7830207703760491,0.005184954118727103,0.1878842769408556,0.023909998564368283,6.032372527111452
0.44837484672856975,0.19819290955562585,0.2819242199018927,0.07150802381391178,4.672297821304282
0.051610058522914164,0.7928528085667778,0.04376442834430686,0.11177270456600118,7.334314871594715
0.21100367199874798,0.17513174892668554,0.43176869816057445,0.1820958809139921,4.7264859632272
0.4259459243591658,0.08762533710893,0.21871411351349349,0.2677146250184108,6.26929025220853
0.018196855906187564,0.01465733083114633,0.923608320513868,0.0435374927487981,7.6490366982002165
0.05406617692683577,0.3204053340369102,0.540482230113656,0.08504625892259794,4.773962199374106
0.052791853336196605,0.06377933353444186,0.45906971730532176,0.42435909582403974,4.410920292404785
0.5780527235375481,0.007020399527852494,0.29803298370003695,0.1168938932345625,4.105954558012813
0.02422752065631974,0.436420033761313,0.1970424938726056,0.34230995170976164,4.930126358896634
0.006591991756397267,0.06526331462057608,0.6499096147852983,0.27823507883772836,5.746791783404263
0.21088847666576394,0.00692481947399567,0.39864184152821125,0.38354486233202917,4.538061066639713
0.5750766377185256,0.0642091349592292,0.3282184921530362,0.03249573516920911,4.501970255907841
0.4897426095926413,0.19310513354387454,0.285195876869424,0.031956379994060126,5.3169527182816445
0.6960127532132522,0.05197329464772617,0.0852565775389501,0.1667573746000715,5.048074448332442
0.7360319067563652,0.0057827658924131066,0.02242208800198065,0.23576323934924104,4.95444592049461
0.6661905586323329,0.1888256932155167,0.08257140032353122,0.0624123478286192,5.179594162624746
0.12358117725987282,0.22445208639209058,0.048194080933244725,0.6037726554147917,4.470459770190132
0.07495153487335654,0.18015121160792627,0.41192037339644244,0.33297688012227455,4.029732890322674
0.12342288091332805,0.19071195159153181,0.026620019290492656,0.6592451482046475,5.141261744176936
0.18784477414747075,0.19454617640978972,0.18973085159750083,0.42787819784523873,4.32825613786713
0.08948883277211943,0.13252508156136886,0.17021558638883738,0.6077704992776743,4.540272852280852
0.11660605768252925,0.12258091038553734,0.1380468322960514,0.622766199635882,4.894507536295701
0.7916988301165121,0.0883863824488781,0.08744835677177656,0.03246643066283319,5.6573678754914525
0.1819033820325641,0.36377840233893505,0.0801635895769738,0.37415462605152694,4.62123724444701
0.3127570598990626,0.025886003833227176,0.21302073346990483,0.44833620279780523,4.3963223745828515
0.0013730253118069927,0.6292485468338682,0.2374143003072486,0.1319641275470762,6.244017816835754
0.06965803065875742,0.0006740208542047755,0.8338353665028447,0.09583258198419305,6.603225989830587
0.0728384085853474,0.17033470068982073,0.5482619267306335,0.2085649639941985,5.274152780343218
0.19445022028062736,0.5675215350193061,0.08904367210465579,0.14898457259541062,5.652483214621544
0.5170019118016768,0.3620648929904079,0.0879683897896644,0.03296480541825099,4.78234145854226
0.4884945208118415,0.20994927752620857,0.05444800355530044,0.24710819810664938,4.813249164186025
0.43518801944154406,0.1881883113176485,0.011638838572981812,0.36498483066782567,4.782653893522935
0.43310277380140483,0.14413124128499957,0.0686286034966714,0.3541373814169242,4.175384032347243
0.03205462478439321,0.10286685026696818,0.7638523064449012,0.10122621850373739,6.674546921815359
0.22554963016326887,0.03410822036689603,0.028642691731586307,0.7116994577382487,5.386791856306554
0.3978584952663133,0.25002395792092763,0.12363158271309894,0.22848596409966007,3.442754551417419
0.08180720446626653,0.47592472536924746,0.030990454637573724,0.4112776155269123,5.29255858201306
0.16917832612807557,0.19831860312349112,0.21440844023926806,0.4180946305091653,3.8544764988477254
0.2107879643826647,0.11136374716537543,0.5834493529917514,0.09439893546020862,4.888021271253881
0.2244701857867309,0.3047798129700617,0.4148484288733114,0.05590157236989614,4.474883271823356
0.09555609079687971,0.23920621127557495,0.06225987892349708,0.6029778190040482,4.732967994163933
0.5003427204592855,0.046909219026696244,0.20191503269052538,0.25083302782349304,4.546364974297395
0.14891840295788386,0.5907498655094001,0.11066044134878095,0.14967129018393513,4.88517468001608
0.10617581161460506,0.14666023171670556,0.2983112913712299,0.44885266529745943,4.338467596012242
0.5796160796523064,0.12695999330512062,0.11102368306324135,0.18240024397933155,3.8566983774238346
0.5303540363778904,0.015058682343693432,0.2639732630545583,0.19061401822385785,4.475468160060689
0.21738281723182779,0.20416408310522527,0.22314158464893633,0.35531151501401054,4.132703363842394
0.07865543690942246,0.14090328996261553,0.4594028459680714,0.3210384271598907,4.239551524744834
0.23202593347553715,0.0835486615702176,0.12841548972790556,0.5560099152263398,4.389327159452929
0.09555863370844742,0.6014544172146286,0.004478712205363239,0.2985082368715607,5.692145338382357
0.8250362963071372,0.023453625411479613,0.13291835344215905,0.018591724839224125,5.763986393936823
0.6575293844774787,0.1862037900123666,0.12007458826212043,0.036192237248034186,5.140129230848975
0.04667991481901413,0.072910668517988,0.3635695527392963,0.5168398639237015,5.05042921788395
0.05678227029201644,0.5141909167056754,0.3787115780260805,0.05031523497622754,5.92068660176267
0.5817820271721209,0.2762462349406774,0.0305953483944617,0.1113763894927399,4.104799795785328
0.3386853666688735,0.5389359187578544,0.021952893135369113,0.10042582143790303,5.227075226997919
0.3616209445524088,0.13316019884905994,0.41371219087265704,0.09150666572587417,4.743526117963111
0.04619115090339063,0.6140372620446145,0.22074657524665267,0.11902501180534229,6.13173431719788
0.528970882917329,0.23976547609530727,0.15829242762570858,0.07297121336165514,4.383983768880842
0.1473874261914789,0.344656836534814,0.2728788337618886,0.23507690351181845,4.6617748089389766
0.08042231168224483,0.4898925571643414,0.10488784097099879,0.324797290182415,4.928340354786289
0.17495905629445146,0.5592262415705821,0.004125400567085175,0.2616893015678813,4.997199320351152
0.46188121146722305,0.1286892583797651,0.3486855485315183,0.06074398162149349,4.620958517277207
0.6595269090020859,0.028185343428523555,0.26109708498434375,0.05119066258504682,5.9399701421066275
0.3326080503886053,0.1716504663419406,0.3706586326630463,0.12508285060640797,3.695534311059256
0.08247980410944725,0.18210037939899354,0.4438530361101968,0.29156678038136247,4.586795935331218
0.41809986118979997,0.35662071924760436,0.22486302013163137,0.00041639943096451074,4.606342434156266
0.16919112786141555,0.2714019611205741,0.09574673238679289,0.46366017863121745,4.243180795376425
0.618813573161666,0.10088100177513325,0.14707854133987144,0.13322688372332916,5.826694028718635
0.8190279988238591,0.057440614201460176,0.047179273170380905,0.07635211380429986,5.664848143203923
0.20969176847063248,0.186031562256597,0.029448632073162194,0.5748280371996083,4.855340223418238
0.49724966060474124,0.06653728146989762,0.08269685964745183,0.35351619827790937,4.236446892110426
0.4275903761795536,0.03296331232861295,0.4639614559229924,0.0754848555688411,4.200337535942967
0.10495572960506484,0.4364724159483458,0.3280902966328611,0.1304815578137283,4.719294820010495
0.08524386636085016,0.13704200920941206,0.11154073267837432,0.6661733917513635,4.696043712896459
0.19478801684625469,0.2533722642697616,0.4957140733132664,0.05612564557071752,4.362305837022531
0.016959168143032066,0.5219589680184518,0.40728913995289806,0.053792723885617955,6.2566362313804085
0.010273620646571597,0.4847993761458832,0.17637397692948878,0.3285530262780565,5.440754362935356
0.07535194884374895,0.541416460770836,0.03475848957528979,0.34847310081012517,5.486302750735671
0.02342798331166832,0.36306066663929504,0.2925087541968525,0.32100259585218405,5.006882676873331
0.09809680058539058,0.4777463249646493,0.06724533387118352,0.3569115405787766,5.160632668886657
0.07854242388397883,0.2229304963025608,0.6535834930613719,0.04494358675208853,6.359515825744926
0.35200096245282253,0.3646224172923975,0.24488149342525772,0.03849512682952209,4.75020750825156
0.13115054129736178,0.06395930299251848,0.08331650997852369,0.7215736457315959,5.202422041549997
0.20234885926455703,0.5757524148130739,0.08458381752555244,0.13731490839681657,4.833815243511214
0.5777257783012357,0.2565204438944054,0.040036300703641836,0.12571747710071698,4.649881090371996
0.6388133374251936,0.070034722098153,0.20808554449959482,0.08306639597705855,4.285303289356987
0.09034497877130376,0.295968767375829,0.11228959667001594,0.5013966571828513,4.150014350867096
0.6481712922815528,0.053331244649650764,0.21306450945909275,0.08543295360970368,4.966615175506661
0.16018707339952262,0.05751505114378876,0.010081833224833353,0.7722160422318551,5.580384744228015
0.16987309090507388,0.03892567315487728,0.05769571905882618,0.7335055168812228,5.123191576745144
0.1511800272708916,0.33806557262787507,0.1407017002413988,0.37005269985983463,4.154698398642375
0.5451202800193298,0.1596122426772557,0.23766453642960603,0.05760294087380847,4.390764439669305
0.604530986223293,0.07045647516957208,0.22121674485703482,0.10379579375009994,3.62432497203277
0.6831132669604978,0.00025872447072202104,0.2845101606288179,0.03211784793996234,5.197817327340779
0.20897631477623685,0.21073044432057772,0.20851654662153796,0.3717766942816476,4.189191050453818
0.032402768053611364,0.18885503065625683,0.39030543261147344,0.38843676867865834,5.123946795403195
0.1450756421273093,0.4273269690114151,0.23209813889624895,0.19549924996502654,4.440214230825552
0.059160782643634724,0.5031169028656809,0.15539714009704345,0.282325174393641,5.74145469111906
0.23496781178060244,0.34371053123138573,0.16425873431594154,0.2570629226720704,4.52124040401396
0.2162782328890444,0.20372232269882964,0.0933742246387466,0.4866252197733792,4.449897536233638
0.01763339152984006,0.354339022822842,0.5683408284033779,0.05968675724393992,5.550616878477637
0.1561272953550357,0.20417286029463652,0.5195040895408086,0.12019575480951916,4.59725985932899
0.6428246810179037,0.029500739419887328,0.13642804596622585,0.19124653359598312,4.830519657777709
0.004004668582489298,0.04634060811051265,0.44581988672890627,0.5038348365780919,5.242660360401624
0.38246411939600744,0.09544484126290297,0.391711271220249,0.1303797681208407,4.523123499124208
0.2028276918929147,0.5811258169172293,0.2008694515005479,0.01517703968930806,5.613980249878338
0.15697101010526698,0.5620223230110287,0.07872045090354216,0.2022862159801622,6.084758590240251
0.10581280116910916,0.08274995336708255,0.11400411400182754,0.6974331314619807,5.098392015576163
0.13962009743867843,0.30932851695402397,0.13188323968390225,0.4191681459233953,6.141360785842176
0.6638823225562421,0.043919215195602025,0.0833422391500397,0.20885622309811602,4.541344552171187
0.5351951384203493,0.34398257609219124,0.009972431544877692,0.11084985394258161,4.264963809256543
0.2617195752526621,0.4168547394538022,0.14182184850576404,0.1796038367877717,4.453370564972098
0.4101468060711381,0.22202985879785897,0.027868883073734668,0.3399544520572683,4.4409279075461034
0.03864084939880569,0.17859391815808995,0.19565951996883033,0.587105712474274,4.805660424286344
0.07842007012440998,0.7318280830244501,0.18359435595094717,0.006157490900192849,6.671256077447969
0.07869309765818569,0.02911173227452093,0.7776678631359526,0.11452730693134086,5.826290151188433
0.24916364879382943,0.26921283555548176,0.4477138624080148,0.033909653242674066,5.155904478385456
0.11371136249577371,0.7821586048451825,0.043222519288795704,0.0609075133702481,7.0778678238535475
0.13383428624039767,0.3101509061330227,0.25129232417715247,0.3047224834494272,4.325360986146532
0.3117868169935284,0.1047177416922584,0.16472944146064775,0.4187659998535655,4.036188694778765
0.04720237036883528,0.5529900389064942,0.2759143433412636,0.12389324738340696,5.485927037699964
0.2811054644090446,0.31681492429641156,0.3766665031699739,0.02541310812457006,5.13959522176513
0.49313926942229863,0.04187600472839568,0.2570240615492745,0.20796066430003127,4.454627403434564
0.47972074431891487,0.09348154031239682,0.2351050851114572,0.19169263025723102,4.026349870704957
0.5281038725518069,0.2576198236767408,0.05303445506327926,0.16124184870817304,4.153017368648047
0.1269809999415521,0.7433920566308803,0.08304628766762205,0.0465806557599455,6.55710484178651
0.05898805477458356,0.7081494460774208,0.07515349281536421,0.15770900633263144,6.301214016731872
0.4608875528540116,0.2785186345375887,0.1375608772686997,0.12303293533970001,4.424349353254467
0.24558136854783943,0.13735124155694636,0.1788908390044893,0.4381765508907248,4.514995515314947
0.23140408872894153,0.33815589676221897,0.23772323842052678,0.19271677608831259,4.081291292575275
0.4320130187162029,0.07163531477671599,0.07878588703373768,0.41756577947334356,4.010117214067757
0.11547793865125297,0.10134350781034647,0.30518825934459615,0.47799029419380445,4.6494516456323725
0.08805929901531921,0.5645978594042131,0.2829568535176717,0.06438598806279607,5.516266951353462
0.5168328976320145,0.08099923685100877,0.11611436535139394,0.2860535001655828,3.9241833184163895
0.4786724538827411,0.09546991044760991,0.29766846279770226,0.12818917287194664,4.187427942408328
0.6356390650905039,0.061982887077860135,0.07916310377561776,0.22321494405601824,4.417659500346747
0.22156455924793422,0.12781648440130083,0.1331221621181516,0.5174967942326133,4.319343502573489
0.18209347220919833,0.48339445025977196,0.048330643718205536,0.2861814338128242,5.0141065135736875
0.45232276127824256,0.0170197992660051,0.06258852185144687,0.46806891760430547,4.2805693100135205
0.2635614594041187,0.47493569902132915,0.11312285917867387,0.1483799823958783,5.023889214964725
0.20285974526209402,0.36391097535382494,0.1852016281296131,0.24802765125446796,4.117136868873649
0.242735890920165,0.19210214196516015,0.381378725681977,0.18378324143269772,4.0742114599098995
0.029409574624557167,0.24071542505113516,0.5173374666335974,0.21253753369071018,4.856080178413526
0.13466732969590678,0.23441074746446192,0.08656720580990539,0.5443547170297259,4.4780240506088305
0.4921908438995055,0.20395894015736823,0.1473972390987671,0.15645297684435922,4.975883688803309
0.025880848531636202,0.6153829763323894,0.031175396085698973,0.3275607790502756,5.835198475156098
0.1870676113407376,0.13770870813019181,0.18932906000588584,0.4858946205231849,4.235613785449606
0.2436794617344871,0.470392944777482,0.009691943548366878,0.276235649939664,4.803517811527527
0.23786572420300647,0.21844219603406909,0.13445507987794045,0.4092369998849839,4.1526904189655065
0.04301966105351602,0.011232347416885915,0.4862194531082671,0.45952853842133085,4.748863596230082
0.28080645141584365,0.647748952568557,0.06032406617058799,0.011120529845011228,6.239896801351837
0.08779401435062342,0.23466823463070885,0.5929148120254758,0.08462293899319176,5.452026271804955
0.39309977910747623,0.333315904018027,0.1729762637663556,0.10060805310814118,3.9751913565141574
0.3547208730476305,0.2059613220680556,0.4101843276160479,0.029133477268265897,4.509703251866802
0.2567463764698603,0.04738417424301178,0.6756021614806108,0.020267287806517216,5.393524768023544
0.11118859573448883,0.048412739127159106,0.2733699546542083,0.5670287104841438,4.12995185198458
0.4019485650275428,0.16325375395688282,0.0550131146705745,0.37978456634499985,4.273457073387622
0.5276693741365267,0.3392434717604528,0.10965189875237652,0.02343525535064431,4.95814554203373
0.43267859209934667,0.05667876992213597,0.43653587417581013,0.07410676380270723,4.807904368712015
0.45470073083384377,0.2809639391652003,0.1295936619363555,0.13474166806460053,4.251135640823138
0.7203556386253425,0.20899113229930633,0.018100961737446034,0.05255226733790511,4.841900705117013
0.3424567422694498,0.2791841117288243,0.07774843258247116,0.30061071341925477,4.304819514206839
0.019300980403889688,0.2352000658529564,0.4446056648929051,0.3008932888502487,4.669595951807282
0.204971164227602,0.43146107530990424,0.06123217734718896,0.30233558311530484,4.870830434838192
0.1125526259851732,0.3124481930029379,0.3082407610921141,0.2667584199197747,4.521840514903293
0.04566328908595152,0.21268022493252886,0.15083444179904953,0.5908220441824701,4.325890984463318
0.01641909784487044,0.421026655126816,0.3882147527023473,0.17433949432596632,5.036016658702447
0.0277433135833961,0.029202170486873836,0.2963226416918165,0.6467318742379137,5.186978038896698
0.45895749332707525,0.17774681158110953,0.004332772569541007,0.35896292252227424,4.058298389437284
0.12302452329969561,0.013211278303416917,0.15992956205314757,0.7038346363437399,5.050704944123752
0.30880590350764503,0.1563048891562215,0.44968485150403203,0.08520435583210127,4.47806052759147
0.5317699087414197,0.1416621433245032,0.1955443018331606,0.13102364610091655,4.633990777000918
0.2737577468094869,0.29803315621899884,0.15438427926448386,0.27382481770703043,3.9957398752602136
0.41085447402006076,0.40391647022484933,0.0708312454675163,0.11439781028757362,4.5320731642158325
0.04464397517765057,0.8477091892845589,0.0523377807824455,0.05530905475534513,8.2
0.21512340174457367,0.23384092290730363,0.3418612116341535,0.20917446371396922,4.358929535467694
0.008694315158831508,0.6675356100372075,0.2829418864776771,0.040828188326284,6.517069443186414
0.06126272180597599,0.39135710791849276,0.023671504947936635,0.5237086653275947,4.479396281663691
0.5496533360317113,0.2179973476147792,0.2015958193287916,0.030753497024717965,4.54199494076414
0.05840103171684176,0.06583806160233723,0.30638581736148696,0.569375089319334,5.662132853635797
0.15072400310820874,0.03113459398385486,0.6108664736371487,0.20727492927078758,5.18294615447806
0.5369419078507623,0.03159391607477623,0.030508240453876623,0.4009559356205846,4.7878775398079965
0.0810329187666114,0.6595965387740671,0.10330344212818383,0.1560671003311377,5.838705763047101
0.3461520388435576,0.12661323458788612,0.08910908990070814,0.4381256366678481,3.8107272170544064
0.02617668318265426,0.33049609794079626,0.13379500577060557,0.5095322131059439,5.241598391442181
0.2959513436340651,0.11939797549264128,0.05848054222949918,0.5261701386437944,4.262781205751722
0.039631608019384,0.05675348649603521,0.5261508446452202,0.3774640608393605,5.362280221449958
0.39357653943992066,0.1016804492496567,0.46338172326030297,0.04136128805011975,4.428045730318995
0.25439812229450476,0.16569772229514426,0.38033735855230244,0.1995667968580485,4.774135129743431
0.30252327680408597,0.19033245980102445,0.38304110039202155,0.12410316300286804,4.497396121081077
0.025538993855364515,0.20582850855170023,0.31996122689252376,0.4486712707004115,4.911374819891903
0.6232342113246737,0.3620378414343988,0.00994915938706373,0.004778787853863875,5.171710006828839
0.42464371779802335,0.0006254139035809153,0.2443138131843367,0.3304170551140591,4.31972922838384
0.13429373296160133,0.28305926947458104,0.3713030731162755,0.21134392444754221,5.316116351636214
0.6843833722025577,0.0062815985271338,0.07807839802748585,0.23125663124282264,5.072696517610874
0.27914353763231986,0.1311039968015745,0.5157991066484005,0.07395335891770509,5.065073756643104
0.2204730243321075,0.10155023178064358,0.009441102529887446,0.6685356413573617,4.839192953526184
0.18615850962263436,0.6760201066132608,0.020174936733025322,0.11764644703107946,6.040926871958305
0.408494993937248,0.25408104845439217,0.29179175027558885,0.04563220733277095,4.327488008923578
0.26525415786092765,0.0359991256405654,0.44959885271601663,0.2491478637824903,4.532707588188247
0.030243732278970585,0.15890895740840022,0.3251304747235901,0.4857168355890391,5.1147295794274585
0.04578570758302571,0.17279560593608037,0.6182031150936719,0.16321557138722212,4.931758665727556
0.1250473787772996,0.4087782366901435,0.35331936622916515,0.11285501830339169,4.908725520324414
0.18406782038584513,0.006234076673521889,0.10532653017329922,0.7043715727673338,5.210737903273472
0.09138525783432573,0.7977838769319591,0.011948562453077446,0.09888230278063781,7.040393527105433
0.05382095403455746,0.21228188671998388,0.04383068539080206,0.6900664738546566,5.094521341297048
0.15505873254484467,0.07669095950450885,0.06292792087368738,0.7053223870769592,5.946166682226106
0.01635215945240994,0.2017052751256383,0.2750935630154118,0.5068490024065399,5.207054468679998
0.27285482645771286,0.14364051819966916,0.11860040646138464,0.46490424888123344,4.133726769895472
0.5180881367972154,0.09142242060109075,0.3763645481421555,0.01412489445953838,4.466613526158327
0.3662753694978966,0.50545858787673,0.014038117218463824,0.11422792540690971,4.735865593023682
0.024228693692432426,0.7992829583207222,0.13040093863783178,0.04608740934901357,8.143299761949148
0.6909167914612612,0.022774951417835525,0.03869745447965903,0.24761080264124424,4.975508564571913
0.6618709693024561,0.09155420220732755,0.21049569572252141,0.036079132767694845,4.55802420220997
0.3201595535053443,0.051544753350684216,0.613336653531614,0.014959039612357408,4.916213941326772
0.16381240925373425,0.15283294921212526,0.288605701079422,0.39474894045471853,3.9463280630459385
0.05027444124614348,0.030032204786138994,0.8830660641226713,0.03662728984504629,7.247602190583715
0.0037028369818683524,0.5550951415539328,0.3446166789708862,0.09658534249331271,5.4899315838155465
0.1274107226566649,0.049971331281818986,0.27424148376843216,0.5483764622930839,4.3357542812833945
0.10796911539239912,0.3433916394017312,0.5161424212870189,0.032496823918851,5.1938747053242755
0.1520698957406554,0.3641677281624848,0.26798204004539,0.21578033605146973,4.459040296807741
0.42666153997662376,0.08191755490119908,0.1511071417677836,0.34031376335439356,4.05137613591701
0.6685484865263573,0.09688818586692728,0.13414100588437214,0.10042232172234322,4.301093043473035
0.2755723386277937,0.23448752331819941,0.2565164753296441,0.2334236627243628,4.026428800247794
0.3455523206383687,0.42274104917687105,0.14618847402188612,0.085518156162874,4.66257034593166
0.054767196447868774,0.639121278582954,0.28049978613778825,0.025611738831389112,6.597225602240608
0.17267850157728762,0.07453490983268177,0.1047387746894947,0.6480478139005359,4.691437315312168
0.49091130310346925,0.4062604745272721,0.06280766702124527,0.04002055534801335,5.110493590502602
0.09904592937374904,0.2720713866850734,0.3169640443897111,0.3119186395514665,4.902611921022652
0.4970548349915525,0.07189464452022373,0.36343115972901846,0.06761936075920516,4.817139245257815
0.6281021312213876,0.07585602164864647,0.17656671979611008,0.11947512733385594,4.611855152429097
0.45852927880823796,0.026053412979094543,0.10289500264589631,0.41252230556677105,4.170669989428018
0.5092244862376475,0.15816643780637962,0.05921682858716192,0.273392247368811,4.751655265124499
0.27562626361223064,0.4498782650982922,0.2567419920098072,0.017753479279669814,5.670496792017956
0.30908386311676506,0.01704311619403288,0.5930379239749236,0.0808350967142784,5.3030938145212385
0.4164197249820322,0.4070686621060011,0.07002688174006641,0.10648473117190031,5.154837802941734
0.36342809471411447,0.18663619179507193,0.4200004472260948,0.029935266264718763,4.321483220709764
0.0343067792390572,0.17597440982603646,0.4086649669290857,0.38105384400582054,4.92123487393755
0.2779693033467849,0.47424243885799555,0.019029269538572896,0.22875898825664653,7.282968415174761
0.09789872448654842,0.7317472834935664,0.0317149667664958,0.13863902525338923,7.126290091905934
0.21110754455750708,0.3589065684562433,0.14928773966358447,0.2806981473226652,4.374917578097384
0.1205929689928909,0.6313153760308639,0.08750675044938681,0.1605849045268584,6.242009816177795
0.11206155567956205,0.16872805577062053,0.7096471706051694,0.009563217944648135,5.796195843594886
0.3402126853505348,0.105841877041048,0.37805512507685607,0.17589031253156115,4.446504841148715
0.0797004318905716,0.37033942170899664,0.40666823189985957,0.1432919145005722,5.239895247808474
0.017109590802124576,0.017274858665712402,0.39362880798101574,0.5719867425511473,5.024427193630163
0.5536747084307414,0.020040570193664276,0.4086338925071336,0.017650828868460818,4.766445697252295
0.327421373571033,0.07776564710547491,0.21702026877901304,0.37779271054447905,4.157344252184592
0.01567434557558104,0.3744242270672992,0.19720444963826048,0.4126969777188593,4.392815794553435
0.36711517540517985,0.11163111796357449,0.12612885143741162,0.395124855193834,4.280688622650126
0.31376947500400654,0.20902984730229623,0.13456105395941165,0.3426396237342855,5.011432752593226
0.4568332320466103,0.3327989411786488,0.12232529998939938,0.08804252678534147,4.802972330389314
0.06211585131322487,0.5162423348685565,0.2708568036844214,0.1507850101337972,4.707516891284033
0.15563268772761213,0.08767954577234024,0.3554245429263723,0.40126322357367533,4.315389127757173
0.7282744060381785,0.13214971519497873,0.017695409653482257,0.12188046911336049,5.240774650269005
0.27946323421149283,0.035883504482327015,0.44820559654075404,0.23644766476542622,4.920700426753627
0.48683202177434803,0.14644382204770565,0.03085751910128463,0.3358666370766617,4.042572963728742
0.03644312874360667,0.41402469087707583,0.24962526172438923,0.2999069186549283,5.158135213319879
0.15138429382378682,0.3985443972980451,0.2723661986559411,0.17770511022222696,4.824950579301222
0.13837374192905477,0.4534324390896937,0.3364940724580954,0.07169974652315628,4.867947116201214
0.25803151165010463,0.1667794547451422,0.3909046382853832,0.18428439531937005,4.624418402593493
0.08175812165982507,0.02765973555143507,0.24946566290591313,0.6411164798828268,5.520567143750586
0.26829680620231794,0.25584245147967855,0.35205802512578377,0.12380271719221969,4.392958022038037
0.074590703470693,0.44204513932882067,0.14274902589591726,0.34061513130456905,4.95910328342654
0.13635448518220214,0.44635889307452237,0.1331755295318494,0.284111092211426,5.090676726364434
0.16282584978725662,0.4162222866458628,0.4209132004047627,3.866316211784141e-05,4.917806320710028
0.31661295046128657,0.04346665461330289,0.031384741118150344,0.6085356538072602,4.634711796619329
0.09878745019756495,0.02387135199615822,0.17708064482593913,0.7002605529803377,5.153319479063133
0.39948696088091307,0.4169876104343195,0.009532123424006576,0.17399330526076096,5.034452038797829
0.06449860103986622,0.7048424203663456,0.06844734647412763,0.16221163211966066,6.278241621963517
0.6188814868881743,0.24956744373542664,0.002836772068788945,0.12871429730760992,4.744691937859953
0.6667273606570272,0.038763122506980996,0.025540689858940865,0.268968826977051,4.171326024642989
0.5137634627020631,0.02075069589584591,0.08129566006721424,0.3841901813348768,3.7559459538097917
0.29309515814974535,0.23126693209481025,0.4551140879211081,0.020523821834336424,4.903454541570266
0.22205775227658966,0.31362363092537743,0.19117906801512652,0.2731395487829064,4.221240399215654
0.1310625343921983,0.5195839485959147,0.0013600146941274776,0.3479935023177596,5.455450393322449
0.36613325361081284,0.06263722018934073,0.4555283689526699,0.11570115724717667,4.456874265600307
0.3582555586590559,0.04424083837651701,0.10341375338748948,0.49408984957693775,3.9090592697696303
0.1036605282349611,0.05606983123680863,0.07490626992658161,0.7653633706016487,5.443010581997762
0.5140386177742711,0.10500609042958224,0.14159482529363968,0.239360466502507,3.6340487151826855
0.35349929859192303,0.3466204150825819,0.14572957510855328,0.15415071121694182,4.224280268522038
0.394334337158678,0.04891399175875413,0.5211629323019142,0.03558873878065344,5.132679197173
0.030796189301930437,0.17978710889573857,0.26487045759719546,0.5245462442051355,5.302113618992075
0.5679500520243258,0.00960384245356704,0.27741777242604626,0.14502833309606097,4.703047512037277
0.1273239451329798,0.46173337974574274,0.024970880894251004,0.3859717942270264,4.88180990387575
0.4611100337579769,0.3474653229595519,0.06710085860277332,0.12432378467969789,4.110215276128636
0.14921681067935103,0.032447778848932296,0.6059003432401147,0.212435067231602,4.881878174991368
0.1946864580233137,0.29505733056397787,0.24029308341934544,0.2699631279933629,4.927161741686888
0.0169634882067455,0.08581285421152779,0.35525039758476046,0.5419732599969662,5.445081227685999
0.21860305975564268,0.14250300363908225,0.28357436077787157,0.3553195758274036,4.331983435859829
0.18850652516613178,0.34640271887637103,0.28474230877485257,0.18034844718264445,4.379008097399277
0.30621049872961253,0.5992092084277141,0.044614071211070375,0.04996622163160291,5.930134875020799
0.1068871838693768,0.7097579210555516,0.024760551365845825,0.1585943437092258,6.413438331392941
0.7303912548307996,0.16936009659639883,0.019769289745335684,0.08047935882746587,5.559428350678114
0.41954321723223986,0.1868118452258005,0.005375392839727001,0.38826954470223257,3.4380673618188187
0.12367648981129341,0.15099631541140443,0.4761154775377693,0.24921171723953284,4.478450826081424
0.05307463395668071,0.39881717519819876,0.42903073884097687,0.11907745200414363,4.859428784007287
0.1874386273308323,0.13328179843735288,0.5093068712271731,0.1699727030046415,4.490570911111275
0.6395418310304013,0.18256172979682564,0.17065050407199542,0.0072459351007775055,4.428701250543929
0.09300204284759982,0.1691389799960579,0.3036477747600694,0.4342112023962729,4.407248127428529
0.3519926066447887,0.3672294804378147,0.08591953688418505,0.19485837603321154,4.858663916179305
0.03143048471036928,0.004327266949758629,0.1882473697196577,0.7759948786202145,5.958210641876986
0.1667297077720822,0.6114772063778865,0.03865109970498148,0.18314198614504984,5.715706995418673
0.21127647804560806,0.045695250856034986,0.7399768184837738,0.0030514526145831427,5.61509625417246
0.013737972609847228,0.6465430334233789,0.30764320670652107,0.03207578726025283,6.600540440810115
0.05037046237118627,0.21464675055623786,0.03889003482879791,0.696092752243778,5.682087439186161
0.20346740787488582,0.14503739997879345,0.25275616217548247,0.39873902997083827,4.273277309287268
0.2676672309645097,0.2600700856966333,0.018910273349563116,0.45335240998929405,4.563859657012861
0.2278005725244703,0.4004946489642806,0.027111122630370126,0.344593655880879,4.444454166599312
0.3884103227888411,0.09995231237784052,0.09650700457259935,0.4151303602607191,4.046808858332872
0.22632761013409566,0.0940798927987577,0.08896233927689982,0.590630157790247,4.393367215721115
0.38424195775210335,0.333727386314357,0.22034866301733777,0.061681992916201724,4.779322804889892
0.16358124121506998,0.2833366044250225,0.47951788929146505,0.07356426506844241,4.641387863611739
0.49303740480863545,0.10808804625994525,0.08663391743031587,0.3122406315011033,3.8276397357225074
0.05700327306842998,0.6085510931029481,0.3103143095120426,0.02413132431657949,6.5524817433753695
0.39471418974389055,0.3170106863733862,0.17228562803407854,0.1159894958486447,4.669592470867851
0.10230875557497222,0.08074674436160559,0.25967599750882153,0.5572685025546007,4.818536702896261
0.024999998635851527,0.2848605044179582,0.15293388450947001,0.5372056124367204,4.6807778454804945
0.2580976865318171,0.43281920621478887,0.27816846583715,0.030914641416244178,5.413691096866838
0.25225500743250945,0.2622305341163913,0.170277983944933,0.3152364745061661,4.119865021478368
0.4958130839785489,0.09788867982437313,0.3555376507894715,0.050760585407606536,4.510039154839995
0.016411117398544693,0.4986982934408832,0.07372204786443311,0.4111685412961391,5.54667412124059
0.4382241055673285,0.42101557801659556,0.02551189101181216,0.11524842540426379,4.900630979096554
0.5044234174339677,0.37211806454153584,0.047648230553874654,0.07581028747062177,4.640856498812799
0.5334499754572639,0.10239065649696333,0.009881803840631927,0.35427756420514095,4.2781571680639034
0.025200640052048872,0.3364069913417338,0.4064729700508859,0.23191939855533134,4.689471090450163
0.2172648350558478,0.11186588212738725,0.47945603520208374,0.1914132476146813,4.012371891666668
0.009464477823086508,0.07467782787305831,0.4464761413179333,0.46938155298592177,4.587323222149451
0.1953419182454556,0.013058600519320025,0.7709478504669985,0.02065163076822584,6.152602223727214
0.15118997552922894,0.4416239921863533,0.28678560295692984,0.12040042932748793,4.6437796553553365
0.13161488473064956,0.19251097092942748,0.195678138208582,0.4801960061313411,4.038670973051254
0.053848424306273006,0.04697894338356954,0.37242971267955394,0.5267429196306035,4.880254559643307
0.43022145397857825,0.1761105377274351,0.023174326617126782,0.3704936816768598,4.275656615852026
0.10330708128621713,0.6747284603095051,0.18738444441213264,0.03458001399214523,5.867206925711325
0.013027740884035027,0.3609783735713784,0.3979929340746624,0.22800095146992422,5.173922185689873
0.00567458036845577,0.026451463227569524,0.09489236092402617,0.8729815954799486,7.807414850639242
0.4675723561384443,0.11076353531636939,0.2761917915443597,0.14547231700082675,4.324313306730918
0.37852328801494944,0.26247557969758234,0.05385349264060204,0.30514763964686614,4.174144572220572
0.0725596083584465,0.139295329023429,0.6295450142089729,0.15860004840915157,5.617137454881114
0.07304078804016369,0.4483025312297822,0.20149533401822703,0.277161346711827,5.476970839462032
0.1869318595830778,0.34356105592140557,0.44540468245289005,0.024102402042626515,5.308251535022403
0.1473946959835461,0.20210884207929186,0.5566568674676616,0.09383959446950049,5.352793444911601
0.14721152470011153,0.03630111083426959,0.3259346212018718,0.4905527432637472,4.591282139952176
0.2587983473241027,0.646837740122604,0.05374935670361209,0.04061455584968137,6.133403100059922
0.27973092749470135,0.32756669494168694,0.28064719849891917,0.11205517906469242,4.551418790040853
0.20387514861804817,0.03905856431421318,0.7148193646273476,0.04224692244039103,5.82575695002641
0.01647831161803162,0.18339090002015881,0.3407897325255214,0.4593410558362882,4.6930401821262215
0.03110416526331449,0.5108145485176876,0.1863414521873826,0.27173983403161533,5.583165373815349
0.30984627709437945,0.07423652294341004,0.4436511215018351,0.17226607846037523,4.224360529768071
0.5089635007215209,0.25074614706470627,0.12283671344269384,0.11745363877107917,4.0409494296002
0.02117721044945736,0.42251316796074084,0.00042144988880155174,0.5558881717010001,5.4544340368430815
0.09456007568530454,0.06701643587417419,0.784150966898629,0.054272521541892264,6.312709339899075
0.003999777712898252,0.10845093912733846,0.08401730986658061,0.8035319732931827,6.4107472662191265
0.2537983095794423,0.4169673162079968,0.28731514562041577,0.04191922859214514,5.004449765162408
0.09465325512812532,0.028378185461935622,0.6769963758374786,0.19997218357246052,5.273743147834669
0.0252472386667925,0.6097088035794277,0.3048239528754489,0.06022000487833083,8.071349028751854
0.4348168418965727,0.2158881178154589,0.31891991891690896,0.030375121371059396,4.6921159067274045
0.03866609323391574,0.2942826796445064,0.4165578220723988,0.2504934050491791,5.125822623912336
0.37703492613611994,0.20403955270649585,0.24129082205643784,0.17763469910094634,4.919430698719267
0.3962417162236934,0.03483113426449859,0.11814096919098215,0.4507861803208258,4.14098882174478
0.19833809072867942,0.3199139649882719,0.07319979502453394,0.40854814925851485,4.2282175752049795
0.2647718316885206,0.5185680364867987,0.04237708023239127,0.17428305159228935,4.939242322096316
0.5479982786339769,0.12380563473355012,0.05305679550384828,0.2751392911286246,4.708510547213493
0.7516396949959943,0.018453567987720215,0.03236332964016459,0.1975434073761211,4.9208304790520385
0.3072618321135648,0.0023411739578476217,0.4402628212587687,0.2501341726698188,4.428938077297767
0.07568001712378573,0.1985239809416386,0.5054699845647537,0.22032601736982202,4.980400854318296
0.15438329923185692,0.023004553836131033,0.732240070292033,0.09037207663997908,6.394590490097787
0.10298478607843865,0.6949446085991138,0.19826808784085376,0.003802517481593709,6.4423183562334
0.4198251203262023,0.005159060340118103,0.5415964272118402,0.03341939212183939,5.033026582446924
0.19154615761842958,0.456004582656816,0.3112814986060488,0.04116776111870547,4.711996016114669
0.2414247464218338,0.14420230107727933,0.24069632560457385,0.373676626896313,4.3504948096471505
0.05871415034961453,0.5096406881297508,0.2962022181673035,0.13544294335333118,5.752936042599354
0.3768771725189248,0.2454144401519881,0.24077595299279672,0.13693243433629054,4.277860006270659
0.2839737929241158,0.19169486926010257,0.46336248718202194,0.06096885063375975,4.787557700389215
0.12636874694872338,0.5597843931067165,0.24272216014181913,0.07112469980274114,5.340789164276726
0.3597160441527486,0.1317385365355049,0.17854464954052612,0.3300007697712203,3.733047421785446
0.6188770648204477,0.02597146956669372,0.03770885413404711,0.3174426114788115,4.417417296595507
0.15087892017320265,0.656187437479769,0.07455246154368103,0.11838118080334725,6.132206101698098
0.26841991292057366,0.6683337596112954,0.04083127057896439,0.02241505688916663,6.3668368261153185
0.8202767482635198,0.0008559181960572573,0.04002434075193058,0.13884299278849235,5.663925850677588
0.24889946051157857,0.49875412304279876,0.04684373364750636,0.20550268279811626,4.349467951204346
0.4332715192538273,0.26196189450300833,0.27023233609274994,0.034534250150414315,4.732201432308863
0.5733974463712569,0.023902125358649568,0.08101468567208264,0.32168574259801097,4.035455043537505
0.21800883923498754,0.06942139522325237,0.4564614535442132,0.2561083119975469,4.884042988400248
0.03502946728181486,0.3110448442168211,0.08892835929131247,0.5649973292100515,5.004324211504384
0.35723523910554045,0.16303982073240786,0.0385503386947595,0.44117460146729215,3.587755255615473
0.10767633668914828,0.10842726546240089,0.7664972810371321,0.01739911681131878,6.618317962005761
0.41521078899574865,0.09286422447933797,0.4096371214027802,0.08228786512213329,4.563132698695058
0.5494601529208704,0.20741874745565103,0.2411695746035063,0.0019515250199723707,5.251394539883154
0.15639431771331916,0.1032343871201891,0.17831543296824423,0.5620558621982474,4.605720083081936
0.48987476533957025,0.0057665775009010335,0.21126887120134488,0.2930897859581839,4.3780102569063155
0.1614465369768294,0.6034411632947937,0.17091062808418972,0.06420167164418723,5.264075867149157
0.34748355331020253,0.03392207969707425,0.06904745872370743,0.5495469082690158,4.76537752366642
0.09734547042561913,0.19211394768430456,0.28432701506515373,0.4262135668249225,4.436801463877685
0.2151361229244301,0.1865650170821624,0.47207518179889874,0.12622367819450891,4.302387280693871
0.02101285440779883,0.5353964335239971,0.1266492041508757,0.3169415079173282,6.880057114684132
0.06842906587811079,0.28333928537548947,0.12527446087814226,0.5229571878682575,5.242202035626862
0.38817737909998434,0.035284206147890074,0.21268764196613432,0.36385077278599115,3.9894458264869
0.033649943305444734,0.5694429207034293,0.3775652830386275,0.019341852952498306,5.886639198280867
0.19714750924460897,0.23322711754358555,0.17069199102095026,0.3989333821908552,4.641047027646466
0.4508098982847257,0.2888364375839136,0.2022146227111061,0.05813904142025468,4.387374359262168
0.1600720797788788,0.04267944301466876,0.3310395615373811,0.4662089156690714,4.886132168966012
0.03522706956948781,0.12300752766587233,0.5091189025891691,0.3326465001754706,4.614980152324449
0.2440404828319523,0.10598611363840454,0.2047394484198623,0.44523395510978087,4.236422139955532
0.2150630394525082,0.5398548842308131,0.1031527347835567,0.14192934153312192,5.140194520322368
0.42758320902411096,0.3205872589181881,0.20480362674194427,0.047025905315756664,5.0765495158782565
0.10093086788596939,0.07879030066363027,0.06116002994671701,0.7591188015036834,5.499568272734598
0.3906116479042049,0.2356741479866695,0.3630728627424567,0.010641341366669055,4.377417926927619
0.4136923195074083,0.07084836390857699,0.1757510789061349,0.33970823767787994,4.187268887452729
0.3870656428948788,0.20102479378487367,0.37299152104818856,0.03891804227205891,5.0031819195962735
0.05018978567718979,0.39650257662089694,0.125614207518085,0.4276934301838283,4.888810101644144
0.1713033620622378,0.1354217041034521,0.6683543514419333,0.024920582392376718,5.439978051689777
0.15874241567603187,0.102343631893337,0.07017124012662927,0.6687427123040017,5.3491394554837175
0.11566467376413551,0.36500736224980534,0.08649343702713491,0.4328345269589242,5.209797113264097
0.3125599239689052,0.5828587583079737,0.033028897842223286,0.07155241988089801,5.427552871093045
0.249674183633871,0.5617422351198715,0.08556271339718528,0.10302086784907222,5.239104411443165
0.148120517526915,0.1038790797948312,0.2119840681399422,0.5360163345383115,4.363415486372553
0.6245035136787305,0.2774952084702711,0.07388756047916446,0.024113717371833848,4.9470004216710635
0.20589718127992868,0.27179500601776924,0.20037441271724343,0.3219333999850586,4.470083428335871
0.3031200484630473,0.2763705545474892,0.09560376535171146,0.324905631637752,5.041042768683683
0.3005117795389743,0.3983516945533679,0.23307099411156687,0.06806553179609091,4.717236867859232
0.46165472577333566,0.40890757582489307,0.05873014946996777,0.07070754893180345,4.364855957082992
0.5606392355237213,0.0012631760847106287,0.2134341338569898,0.22466345453457823,5.1268324421935105
0.29786307930900735,0.14343444137330344,0.503660098115717,0.05504238120197223,4.8904456237668255
0.19862415136736802,0.09925640245193654,0.3544739981975471,0.3476454479831482,4.244592450574238
0.2432117184272493,0.21786504281529012,0.059231754146341714,0.4796914846111189,4.397862985766115
0.036131541514800254,0.08064318197297539,0.13970394035501382,0.7435213361572106,5.662721852919222
0.1373350013956584,0.04628842645312146,0.7533734532150286,0.06300311893619161,5.862632064896126
0.15230447769183503,0.45707705102601526,0.30686822575502504,0.08375024552712451,4.604233858232166
0.06198342143063529,0.09423619683277815,0.3939623375602665,0.4498180441763202,4.97032986626925
0.20587586665388205,0.029502642252197665,0.1851741874304647,0.5794473036634555,4.5356535266988125
0.21588534942920903,0.033212948434318455,0.5909452316279742,0.15995647050849832,4.509452713842174
0.4179617391364735,0.08669697223039222,0.03590750249421865,0.4594337861389156,4.028911509952472
0.3995552155088981,0.12929671525593645,0.40828278666904866,0.0628652825661169,4.296817921226252
0.28324816445246964,0.1563512646062327,0.2709341957124788,0.28946637522881874,4.4266782624472425
0.04383440188183323,0.07008930192701489,0.654752942776207,0.23132335341494487,5.275905906315085
0.566972555727122,0.13046598815574498,0.14932700442058275,0.15323445169655028,3.7887503435596295
0.24866648408527825,0.13525214888751405,0.2003295252036063,0.41575184182360136,4.627899673522479
0.11728729835043876,0.2884296492763003,0.523047949813411,0.07123510255984983,5.121265845876241
0.19872169421385535,0.5173047685758351,0.10310664273997702,0.18086689447033275,5.231561475433644
0.3990770998517388,0.0008389417849624343,0.06245333127610841,0.5376306270871904,3.9605141678852505
0.2434996720067506,0.17273211311590236,0.2874609938889151,0.2963072209884319,4.851982276262944
0.5923700332853923,0.0847935824118575,0.2991051181809505,0.02373126612179974,4.837066396544222
0.30256892776371447,0.08076219229682235,0.02930074995773198,0.5873681299817313,4.370158166878136
0.19010637517392107,0.3746343370896035,0.2100336551901732,0.22522563254630223,4.430425739423574
0.06013931575633091,0.32703368035363695,0.26983695764286686,0.34299004624716506,4.621368816711105
0.1972867206037943,0.12079870025718784,0.43083952726292285,0.251075051876095,4.2737821109095195
0.07248772029006038,0.8124529305031908,0.08917869298814703,0.02588065621860179,7.692754070036279
0.2851932048511922,0.33812263765902956,0.3311761959890696,0.045507961500708766,4.94417756016539
0.5681385256601204,0.0049777525578810254,0.23317623332066453,0.19370748846133398,3.842968672997401
0.45175132337632723,0.1902715690441004,0.1262204429791399,0.23175666460043248,4.663944407937258
0.12766755860344242,0.2299065798974025,0.13757307180015516,0.5048527896989999,4.622831115565407
0.27534129552027,0.40523141767480775,0.1814211633637082,0.1380061234412141,4.524060100862889
0.2095405401250701,0.5729843641542709,0.005270256869257116,0.2122048388514018,5.268339585972473
0.31214367022787304,0.07761380050110032,0.46278097238767674,0.14746155688335003,4.822514609765973
0.2692804114193193,0.17524255592111962,0.11019509624156969,0.44528193641799146,4.822747055550896
0.25909773181534246,0.11664039790391792,0.13311087690956816,0.49115099337117135,4.47372889424536
0.03267567475064916,0.24437758405418067,0.1889076876138471,0.5340390535813231,5.273403068528552
0.16662889110116,0.2044657726890406,0.04914578895322821,0.5797595472565712,5.093356169803084
0.38848540991482894,0.23806086117429967,0.35127631423832667,0.022177414672544707,4.8727885182030946
0.266505313091109,0.24081554566691474,0.1734323244587915,0.3192468167831847,3.846987562090588
0.19665124353074642,0.04933353888739094,0.22438557206349918,0.5296296455183634,4.08471576906682
0.0920410815311144,0.11406669363422549,0.6910499496324412,0.10284227520221899,5.821095628232433
0.4742573437208779,0.3005751894233084,0.08699525417567226,0.13817221268014135,3.882388718939436
0.12673895395827853,0.31413379768156896,0.09838713814539017,0.46074011021476224,5.89768401854535
0.1810010083172731,0.15411311980874232,0.28709859120885073,0.3777872806651339,4.305256135149043
0.16997855272961754,0.24072948630452973,0.5875345859617476,0.001757375004105204,8.2
0.039889862558964206,0.3376236942102982,0.20485267899873078,0.4176337642320069,4.541020406239961
0.42709153008013073,0.05677560927712455,0.43855446317509994,0.0775783974676447,4.585761955508284
0.02264833266891122,0.30839925289638426,0.140244778417213,0.5287076360174916,4.47446729573762
0.06283398291166183,0.21899501411798786,0.46001298948882136,0.25815801348152895,4.88018044905071
0.499488746295527,0.037988750965742245,0.2964860878744226,0.1660364148643082,4.516128986065813
0.5804157905320612,0.07696628277848033,0.15062777815423065,0.1919901485352278,4.481240731597028
0.18222768392685898,0.4882433863605091,0.07586705285138354,0.25366187686124847,4.872632412243913
0.5277029938721942,0.2474418575078159,0.17971907607295853,0.045136072547031496,4.216788463134149
0.08581989524428696,0.19563204604204368,0.6496195910625481,0.06892846765112111,5.3933872217379895
0.36080161837755736,0.18811933720521126,0.4349180444534765,0.016160999963754946,5.297211804952355
0.021589353632528185,0.21849940311682498,0.39412087330639634,0.36579036994425046,5.169329946957872
0.5010316417353868,0.009050897555646415,0.2902972820984926,0.1996201786104741,4.056335766317305
0.05281678954195773,0.31039416240291945,0.05999674821032814,0.5767922998447946,5.255818654154564
0.13551570111185315,0.21271545113454182,0.3574501771096726,0.29431867064393236,4.438959685581073
0.17460323169747655,0.15727805211996373,0.5399657180078913,0.12815299817466827,4.636840466059025
0.34546004062221886,0.12630403862563497,0.31373044382965243,0.2145054769224938,4.080530320029864
0.6421274876004173,0.05961802414888824,0.24328475581435824,0.05496973243633632,4.819697474568571
0.14169767079292606,0.5062000150919514,0.35154136416578396,0.0005609499493384627,5.439124493912863
0.03365966994602935,0.1250785358988688,0.06766815849180548,0.7735936356632963,6.037253668523691
0.19723090847631097,0.6459492475896762,0.006994905574867254,0.14982493835914543,5.693573196277873
0.04750435898429166,0.2779485130951635,0.34712654384712677,0.3274205840734181,4.671794697100473
0.30188550298268124,0.496786187902514,0.10500794645517104,0.09632036265963372,5.439230721148564
0.13641568107094823,0.32831633808911576,0.16305048957262785,0.37221749126730824,4.155403324412234
0.33745176694697226,0.021138534153538474,0.04955692934012814,0.5918527695593612,6.412268876439883
0.034938655773728136,0.40163418800456197,0.33577253444963867,0.22765462177207102,5.128549761581325
0.2074247221944046,0.4343319410886264,0.25742968014841344,0.10081365656855558,4.483432668271091
0.021494047212428504,0.07988209911678207,0.6021075216129709,0.29651633205781847,5.326066702617218
0.12863864696985322,0.18485061633896732,0.12378917259265451,0.5627215640985248,4.18787945501036
0.2485354761189297,0.1267544694453298,0.3198811708279102,0.3048288836078303,4.522081790302881
0.13857115998100555,0.5250422819401347,0.1760471690300362,0.1603393890488235,5.13356871739314
0.4786661950564196,0.18855651770687368,0.10712022665787853,0.22565706057882826,3.9635721593908717
0.14099436538422358,0.14466954410592714,0.7107497364172339,0.003586354092615304,5.834859601799149
0.16829645171302154,0.19310755180145292,0.050534019354392765,0.5880619771311327,4.795241026017599
0.27029120849811994,0.21716180138878588,0.31604022264014936,0.19650676747294493,5.251367627742583
0.45762130830454517,0.05789908955752192,0.17789486888122288,0.30658473325671,4.276260430489843
0.036383136266270405,0.048364396581257865,0.7477772150570995,0.1674752520953721,5.543537609310121
0.12574335506470558,0.25152672206631665,0.4202822318270211,0.20244769104195678,4.424811269621912
0.09343464177293441,0.46098337975599957,0.4171862972592589,0.028395681211807144,5.273551113377635
0.052555967337318744,0.056093941994923874,0.7222028298195219,0.16914726084823556,6.166787414468437
0.013722014981441153,0.6186589046154307,0.30584108119544867,0.061777999207679506,5.8136056516863475
0.24746634293916997,0.02612669428204014,0.7187620619538942,0.00764490082489566,5.497130743120826
0.008769746388502097,0.6211809854827522,0.18817043999885893,0.18187882812988665,5.567886106236059
0.011507251690051472,0.24853457045334207,0.06878980662663971,0.6711683712299668,5.800884165892508
0.23369976141759963,0.24714802901237634,0.16365389181599269,0.3554983177540313,4.205172444922391
0.32816639803308634,0.06656771822886287,0.06229424955768069,0.5429716341803701,3.9468375526415045
0.3027184391667419,0.3613486148348388,0.1081157913227196,0.2278171546756997,4.479449952227213
0.5885276191418765,0.09119792236997343,0.10504361851030339,0.21523083997784673,4.324285344091236
0.23259868374683992,0.3175711119153632,0.3676711828341832,0.08215902150361368,5.109895775601997
0.7377142476402454,0.05219380431203709,0.042220009791749495,0.16787193825596805,5.500648029439791
0.09024541238436826,0.06885816853290978,0.7806118896540477,0.060284529428674405,5.853360249819952
0.26082994223137773,0.18380201900819262,0.36481126745617243,0.19055677130425724,3.9307819672820488
0.3064311635127028,0.12761375579679815,0.3067047423159671,0.259250338374532,3.512848598234028
0.12608193150911015,0.1588882317675961,0.6226252029501778,0.09240463377311608,5.43796319921597
0.18203376104710098,0.16959690840569644,0.4181419356623213,0.23022739488488145,4.576653132785179
0.2149376283778141,0.5482318872449643,0.12642072798426152,0.11040975639296023,5.531480891086285
0.5693797869314418,0.039296988760950065,0.3434550345261613,0.04786818978144682,5.1371441936258515
0.7201863608873244,0.05460358442259504,0.1322628654305421,0.0929471892595385,5.051863405074829
0.1076497543694548,0.07160632782950456,0.30142786008053496,0.5193160577205056,5.155802644609655
0.29522178382279524,0.24557270913901874,0.31945061390249624,0.13975489313568984,4.255388149267021
0.08823242989543689,0.7807828718319709,0.10979662797692336,0.02118807029566875,6.91071389274784
0.14026732658758637,0.29547173784577496,0.26460760133980404,0.29965333422683466,4.157894594625377
0.0062401362940259575,0.14002125963402928,0.3728269782341933,0.48091162583775143,5.234080592992768
0.5640566745270512,0.21174867026936844,0.08473409475989427,0.13946056044368593,4.682121595096706
0.36865317378807877,0.11711381850061947,0.2407194135882577,0.273513594123044,3.964118718930574
0.4571681539204379,0.3240509943367985,0.14831083690199603,0.07047001484076752,4.420715297013893
0.3704132078152791,0.4019403065791963,0.0038646091976801485,0.22378187640784447,5.2916266728123755
0.19706162019779822,0.25695134315802576,0.09143062007975482,0.45455641656442114,4.077601642853961
0.06760584977812349,0.30667655992405635,0.4121566924414534,0.21356089785636673,5.008111613664591
0.41492566544361204,0.1624762067148794,0.2997820211136861,0.12281610672782255,4.100244185445508
0.3071297684551138,0.5260443559890717,0.043981920542378504,0.12284395501343597,5.039419470351354
0.12214753205862547,0.2976649871699674,0.5395956460637686,0.04059183470763844,5.238139558165845
0.1600233816819992,0.4783486760506867,0.3604994098485636,0.0011285324187503072,5.497598062527222
0.01007764618488972,0.6546753238193372,0.23459729043900895,0.10064973955676412,6.188982333412936
0.25119666894770276,0.027401897044873818,0.3777303028646674,0.343671131142756,4.106025438902478
0.10338963359464473,0.2741866454071408,0.042821114825171196,0.5796026061730433,4.757224879465525
0.21165980789436506,0.5492924130563275,0.09700317822960174,0.14204460081970585,5.328472296828828
0.5382848470689744,0.017755093403521032,0.3172462197332631,0.12671383979424153,4.065181743740069
0.01628726779905126,0.027513650026202867,0.39816115483729947,0.5580379273374463,5.420322136621652
0.4059996391158744,0.09604492948083955,0.0327219318474498,0.4652334995558361,4.266439721174799
0.0134593169223185,0.5052889300919745,0.26685047489433744,0.21440127809136958,5.669512856480927
0.30573506406046325,0.06516885567389766,0.6074408364087746,0.02165524385686451,4.962755917169735
0.040052607958008433,0.13119319900235263,0.38939832006632047,0.43935587297331846,4.817914015221901
0.028129513157769567,0.863986057069008,0.10547307338279088,0.0024113563904315026,8.2
0.3637605086970863,0.19294345718309833,0.009210004782639945,0.4340860293371756,4.859264620039193
0.029056116950503,0.17207180174744108,0.2919687855390818,0.5069032957629741,5.290528015856301
0.12583812484311158,0.10772646967856529,0.179719244771096,0.5867161607072272,4.714944318992655
0.13359868262380103,0.6049481766660751,0.1936250626130956,0.06782807809702845,5.837415372699731
0.07572299102966114,0.10157919489682832,0.6308375821554435,0.1918602319180671,4.917803128980991
0.5491432993467962,0.24018654812147375,0.045054426914325596,0.1656157256174046,4.300481097236149
0.1396714031762554,0.17175671757106986,0.12435786453985517,0.5642140147128196,4.951941513543201
0.34358964281494875,0.2029839995139886,0.28644399021916606,0.16698236745189654,4.657148751643895
0.5580497099730207,0.09813737459905156,0.24052950011582214,0.10328341531210565,4.582007139615437
0.1095749293211655,0.649531680710479,0.04731440319098722,0.1935789867773684,6.21275450664355
0.0036679850915549653,0.47548874548474446,0.08812066024101778,0.43272260918268274,5.43669806138018
0.0455976522259658,0.08170241927874389,0.11270150855423115,0.7599984199410591,5.400582007230694
0.3276029142143521,0.10028741036593378,0.12646901542767175,0.44564065999204255,4.519298038365498
0.19874835185322984,0.2176034255524974,0.4886995667506948,0.09494865584357805,5.046736186095737
0.4141793287415708,0.45724136150509564,0.003973006583778003,0.12460630316955561,5.074369203242345
0.14941956325716377,0.23389428953716687,0.6001835020871417,0.01650264511852763,5.038351644344451
0.28214346520496003,0.016884422490959398,0.5872093515607288,0.11376276074335182,4.318890978377833
0.2810306088526041,0.32557009479941557,0.1253011831411521,0.2680981132068281,4.192424028428001
0.09212762748588847,0.617780960411922,0.1878169417221404,0.10227447038004928,6.154425333631285
0.03009293697737679,0.5086575105219449,0.11980773945899158,0.34144181304168675,5.09901723914819
0.199646918845331,0.10929732148613053,0.6686110164218724,0.02244474324666593,5.457118437673211
0.49482511374359617,0.16136536677477115,0.2913033082060928,0.052506211275539845,4.5934489264022345
0.023852967935815848,0.5565955251097917,0.26076343877262714,0.15878806818176525,5.719179707906384
0.188725006771982,0.08846713010335794,0.14995395757649638,0.5728539055481637,4.871823136157012
0.09361064533528929,0.16582063605555686,0.6280548543260395,0.11251386428311437,4.602690574171746
0.053856295957222265,0.5247396420042658,0.23617744128571921,0.18522662075279292,5.262968149768906
0.16303774240762603,0.589611846747638,0.17524573996482812,0.07210467087990775,5.892711194543334
0.492124567135648,0.26668059399353666,0.17232885049248683,0.06886598837832848,4.873283186264195
0.0538900349110097,0.6628127149101977,0.05298497300900744,0.2303122771697854,6.195932071946259
0.29558678369917113,0.1788937989781114,0.10996636270369993,0.41555305461901754,4.9918541846083695
0.2299935924811673,0.3153510722346019,0.35080249550269255,0.10385283978153839,4.155673813748747
0.4309763916834079,0.11316428889585645,0.35629531307076184,0.09956400634997382,5.130963977659852
0.48937878606479795,0.3883905834765597,0.027621001627909668,0.09460962883073282,4.25748681931802
0.021998880258235,0.5961799842462512,0.04158554011210319,0.3402355953834105,6.060833246664945
0.2698838767663237,0.6095245257671901,0.011383591295247167,0.10920800617123898,5.66236414509278
0.520664403458422,0.13754094974167666,0.1288937393239793,0.2129009074759219,3.983443736392885
0.15327037241152178,0.0821515913589828,0.023085192940380146,0.7414928432891152,5.560569978435698
0.09078160679215798,0.031121127182253787,0.5602458786834753,0.31785138734211305,5.062244235576444
0.38989257291083984,0.26714947825754803,0.3136438451450647,0.029314103686547428,4.674731373840626
0.02630180622948673,0.19314242435945592,0.22845628845243485,0.5520994809586225,4.685979720613794
0.23659961980255062,0.18786641445665517,0.0754210906508129,0.5001128750899813,3.9428039532135997
0.3802441634155677,0.06894030122692771,0.36085142333513553,0.1899641120223691,4.083960972665762
0.024778748150353067,0.303347220937608,0.023974970005561543,0.6478990609064774,5.531240994278615
